LeadID,CreatedDate,SourceKey,OwnerKey,ProductKey,CurrentStageKey,MaxStageOrder,Status,LastActivityDate,WonDate,LostDate,LostReason,ExpectedValue,Revenue,CycleDays
L1001,2026-03-01,2,2,1,7,5,Lost,2026-03-25,,2026-03-25,Price too high,16500,,
L1002,2026-03-01,5,2,2,7,2,Lost,2026-03-07,,2026-03-07,Budget too low,53600,,
L1003,2026-03-01,2,1,3,7,2,Lost,2026-03-11,,2026-03-11,Not a fit,138300,,
L1004,2026-03-01,3,1,1,7,4,Lost,2026-03-19,,2026-03-19,Postponed decision,18400,,
L1005,2026-03-02,4,5,2,7,2,Lost,2026-03-12,,2026-03-12,No response,61400,,
L1006,2026-03-02,4,1,1,7,2,Lost,2026-03-10,,2026-03-10,Not a fit,15500,,
L1007,2026-03-02,1,4,2,7,5,Lost,2026-03-24,,2026-03-24,Price too high,76600,,
L1008,2026-03-02,4,4,2,7,2,Lost,2026-03-07,,2026-03-07,No response,55400,,
L1009,2026-03-02,4,5,3,7,2,Lost,2026-03-11,,2026-03-11,Not a fit,159200,,
L1010,2026-03-02,7,2,2,7,2,Lost,2026-03-11,,2026-03-11,Budget too low,44300,,
L1011,2026-03-02,7,5,4,7,1,Lost,2026-03-03,,2026-03-03,Not a fit,269800,,
L1012,2026-03-02,1,2,3,7,2,Lost,2026-03-11,,2026-03-11,No response,175200,,
L1013,2026-03-02,4,5,1,7,1,Lost,2026-03-04,,2026-03-04,Budget too low,22900,,
L1014,2026-03-03,2,3,2,7,3,Lost,2026-03-13,,2026-03-13,No response,60700,,
L1015,2026-03-03,1,1,3,7,2,Lost,2026-03-15,,2026-03-15,Budget too low,96400,,
L1016,2026-03-03,3,2,3,6,6,Won,2026-03-23,2026-03-23,,,162700,146800,20
L1017,2026-03-03,3,1,2,7,2,Lost,2026-03-05,,2026-03-05,No response,74500,,
L1018,2026-03-03,1,4,2,7,2,Lost,2026-03-08,,2026-03-08,Not a fit,74600,,
L1019,2026-03-03,2,5,2,7,1,Lost,2026-03-05,,2026-03-05,Budget too low,59500,,
L1020,2026-03-03,5,1,3,7,2,Lost,2026-03-09,,2026-03-09,No response,95100,,
L1021,2026-03-03,6,1,2,7,1,Lost,2026-03-04,,2026-03-04,Budget too low,67000,,
L1022,2026-03-04,2,5,1,7,2,Lost,2026-03-11,,2026-03-11,Not a fit,16200,,
L1023,2026-03-04,1,4,1,7,2,Lost,2026-03-10,,2026-03-10,No response,24700,,
L1024,2026-03-04,3,5,1,7,2,Lost,2026-03-11,,2026-03-11,Budget too low,29000,,
L1025,2026-03-04,7,5,1,7,4,Lost,2026-03-28,,2026-03-28,Price too high,27300,,
L1026,2026-03-04,4,3,2,7,3,Lost,2026-03-12,,2026-03-12,Not a fit,50000,,
L1027,2026-03-04,1,4,2,1,1,Open,2026-03-04,,,,57100,,
L1028,2026-03-04,1,2,2,7,2,Lost,2026-03-09,,2026-03-09,No response,73400,,
L1029,2026-03-05,2,1,2,7,2,Lost,2026-03-12,,2026-03-12,No response,62400,,
L1030,2026-03-05,6,1,1,6,6,Won,2026-04-01,2026-04-01,,,28900,28300,27
L1031,2026-03-05,6,2,1,7,1,Lost,2026-03-06,,2026-03-06,Not a fit,17900,,
L1032,2026-03-05,2,5,2,7,2,Lost,2026-03-08,,2026-03-08,Not a fit,79200,,
L1033,2026-03-05,1,5,2,7,1,Lost,2026-03-10,,2026-03-10,No response,69100,,
L1034,2026-03-05,2,5,1,7,1,Lost,2026-03-10,,2026-03-10,Budget too low,15700,,
L1035,2026-03-05,4,2,2,7,2,Lost,2026-03-09,,2026-03-09,Not a fit,42800,,
L1036,2026-03-05,3,4,1,7,2,Lost,2026-03-13,,2026-03-13,No response,25500,,
L1037,2026-03-05,4,3,2,6,6,Won,2026-03-29,2026-03-29,,,73300,72900,24
L1038,2026-03-05,1,3,1,7,1,Lost,2026-03-07,,2026-03-07,Budget too low,18000,,
L1039,2026-03-06,6,1,2,7,3,Lost,2026-03-17,,2026-03-17,No response,75400,,
L1040,2026-03-06,1,5,2,7,3,Lost,2026-03-20,,2026-03-20,Not a fit,62300,,
L1041,2026-03-06,4,5,2,7,2,Lost,2026-03-11,,2026-03-11,Budget too low,76300,,
L1042,2026-03-06,2,5,2,7,2,Lost,2026-03-15,,2026-03-15,No response,49600,,
L1043,2026-03-06,1,2,2,7,3,Lost,2026-03-22,,2026-03-22,Budget too low,46100,,
L1044,2026-03-06,7,1,3,7,1,Lost,2026-03-07,,2026-03-07,Not a fit,158900,,
L1045,2026-03-06,5,4,2,7,3,Lost,2026-03-20,,2026-03-20,Not a fit,69400,,
L1046,2026-03-06,6,5,2,7,2,Lost,2026-03-14,,2026-03-14,No response,76300,,
L1047,2026-03-07,1,3,1,7,2,Lost,2026-03-12,,2026-03-12,No response,28200,,
L1048,2026-03-07,7,3,1,7,2,Lost,2026-03-10,,2026-03-10,Budget too low,16000,,
L1049,2026-03-07,1,2,2,7,2,Lost,2026-03-13,,2026-03-13,Budget too low,44600,,
L1050,2026-03-07,4,2,4,7,5,Lost,2026-03-25,,2026-03-25,Postponed decision,171600,,
L1051,2026-03-07,5,3,2,7,3,Lost,2026-03-26,,2026-03-26,Not a fit,66500,,
L1052,2026-03-08,1,5,4,7,2,Lost,2026-03-19,,2026-03-19,Not a fit,204000,,
L1053,2026-03-08,6,1,1,6,6,Won,2026-04-05,2026-04-05,,,21800,20500,28
L1054,2026-03-08,1,2,3,7,2,Lost,2026-03-18,,2026-03-18,No response,134000,,
L1055,2026-03-08,2,4,2,7,2,Lost,2026-03-18,,2026-03-18,Not a fit,52200,,
L1056,2026-03-09,2,1,3,6,6,Won,2026-04-09,2026-04-09,,,118400,111800,31
L1057,2026-03-09,2,1,2,7,2,Lost,2026-03-16,,2026-03-16,Not a fit,67900,,
L1058,2026-03-09,2,1,1,7,2,Lost,2026-03-16,,2026-03-16,No response,27900,,
L1059,2026-03-09,1,5,4,7,3,Lost,2026-03-28,,2026-03-28,Not a fit,167000,,
L1060,2026-03-09,6,4,1,6,6,Won,2026-04-07,2026-04-07,,,24300,22100,29
L1061,2026-03-09,4,4,1,7,2,Lost,2026-03-17,,2026-03-17,Budget too low,18500,,
L1062,2026-03-09,1,2,4,7,2,Lost,2026-03-16,,2026-03-16,Not a fit,315300,,
L1063,2026-03-09,1,3,2,7,2,Lost,2026-03-17,,2026-03-17,Budget too low,77700,,
L1064,2026-03-09,2,1,1,7,1,Lost,2026-03-14,,2026-03-14,Budget too low,25100,,
L1065,2026-03-10,5,5,1,6,6,Won,2026-04-07,2026-04-07,,,26300,24700,28
L1066,2026-03-10,4,4,3,7,2,Lost,2026-03-17,,2026-03-17,No response,139500,,
L1067,2026-03-10,4,5,2,7,5,Lost,2026-03-30,,2026-03-30,Went with competitor,42200,,
L1068,2026-03-10,3,5,2,7,3,Lost,2026-03-23,,2026-03-23,Not a fit,49000,,
L1069,2026-03-10,6,4,1,7,4,Lost,2026-03-30,,2026-03-30,Went with competitor,23300,,
L1070,2026-03-10,4,5,2,7,2,Lost,2026-03-19,,2026-03-19,Not a fit,66400,,
L1071,2026-03-10,3,3,3,7,5,Lost,2026-04-06,,2026-04-06,Went with competitor,178300,,
L1072,2026-03-10,6,4,1,7,4,Lost,2026-03-23,,2026-03-23,Postponed decision,28700,,
L1073,2026-03-11,2,4,3,7,2,Lost,2026-03-19,,2026-03-19,Not a fit,93200,,
L1074,2026-03-11,7,1,2,6,6,Won,2026-04-06,2026-04-06,,,67800,61600,26
L1075,2026-03-11,6,2,1,7,2,Lost,2026-03-20,,2026-03-20,No response,24600,,
L1076,2026-03-11,1,3,4,7,2,Lost,2026-03-19,,2026-03-19,Not a fit,209800,,
L1077,2026-03-11,1,4,2,7,3,Lost,2026-03-20,,2026-03-20,Budget too low,63000,,
L1078,2026-03-11,3,3,3,7,2,Lost,2026-03-19,,2026-03-19,Budget too low,110700,,
L1079,2026-03-11,4,2,2,7,2,Lost,2026-03-17,,2026-03-17,No response,76100,,
L1080,2026-03-11,6,3,3,7,2,Lost,2026-03-21,,2026-03-21,No response,105800,,
L1081,2026-03-11,2,4,4,7,2,Lost,2026-03-14,,2026-03-14,Budget too low,209000,,
L1082,2026-03-11,4,4,4,6,6,Won,2026-04-03,2026-04-03,,,310900,308800,23
L1083,2026-03-12,2,5,1,6,6,Won,2026-04-18,2026-04-18,,,15900,15400,37
L1084,2026-03-12,1,4,2,7,4,Lost,2026-04-05,,2026-04-05,Postponed decision,73300,,
L1085,2026-03-12,2,4,1,7,2,Lost,2026-03-22,,2026-03-22,No response,29500,,
L1086,2026-03-12,1,3,1,7,3,Lost,2026-03-25,,2026-03-25,Budget too low,16900,,
L1087,2026-03-12,1,2,4,7,4,Lost,2026-03-25,,2026-03-25,Postponed decision,258000,,
L1088,2026-03-12,1,1,2,6,6,Won,2026-04-07,2026-04-07,,,71100,63500,26
L1089,2026-03-12,4,4,1,7,2,Lost,2026-03-18,,2026-03-18,Not a fit,16200,,
L1090,2026-03-12,2,5,2,7,2,Lost,2026-03-19,,2026-03-19,Budget too low,58100,,
L1091,2026-03-13,3,2,2,7,5,Lost,2026-04-13,,2026-04-13,Postponed decision,73100,,
L1092,2026-03-13,1,5,2,7,1,Lost,2026-03-19,,2026-03-19,Not a fit,66800,,
L1093,2026-03-13,6,1,4,7,4,Lost,2026-04-06,,2026-04-06,Postponed decision,270100,,
L1094,2026-03-13,7,5,2,7,5,Lost,2026-04-05,,2026-04-05,Price too high,65700,,
L1095,2026-03-13,1,5,1,7,2,Lost,2026-03-21,,2026-03-21,No response,21300,,
L1096,2026-03-13,1,5,1,6,6,Won,2026-04-10,2026-04-10,,,16200,15400,28
L1097,2026-03-13,1,3,4,2,2,Open,2026-03-16,,,,303500,,
L1098,2026-03-13,5,2,1,6,6,Won,2026-04-11,2026-04-11,,,23000,21400,29
L1099,2026-03-13,7,2,3,6,6,Won,2026-03-31,2026-03-31,,,145600,130100,18
L1100,2026-03-14,3,3,2,7,5,Lost,2026-04-08,,2026-04-08,Postponed decision,78300,,
L1101,2026-03-14,4,5,1,7,2,Lost,2026-03-21,,2026-03-21,Budget too low,29600,,
L1102,2026-03-14,1,5,1,7,2,Lost,2026-03-18,,2026-03-18,Budget too low,21900,,
L1103,2026-03-15,7,1,2,7,3,Lost,2026-03-26,,2026-03-26,No response,72400,,
L1104,2026-03-15,3,2,1,7,2,Lost,2026-03-23,,2026-03-23,Not a fit,25600,,
L1105,2026-03-15,2,3,2,7,4,Lost,2026-04-01,,2026-04-01,Went with competitor,42100,,
L1106,2026-03-16,7,4,1,7,2,Lost,2026-03-23,,2026-03-23,Budget too low,25600,,
L1107,2026-03-16,7,5,1,7,5,Lost,2026-04-06,,2026-04-06,Postponed decision,25100,,
L1108,2026-03-16,6,1,2,7,2,Lost,2026-03-27,,2026-03-27,No response,75100,,
L1109,2026-03-16,4,1,2,7,3,Lost,2026-04-02,,2026-04-02,No response,67100,,
L1110,2026-03-16,2,5,4,7,2,Lost,2026-03-22,,2026-03-22,Budget too low,242300,,
L1111,2026-03-16,1,3,1,7,5,Lost,2026-04-10,,2026-04-10,Price too high,22200,,
L1112,2026-03-16,2,4,2,7,2,Lost,2026-03-20,,2026-03-20,Budget too low,49400,,
L1113,2026-03-16,2,2,1,7,2,Lost,2026-03-26,,2026-03-26,No response,19300,,
L1114,2026-03-16,6,1,1,6,6,Won,2026-04-17,2026-04-17,,,27500,24300,32
L1115,2026-03-16,3,2,3,1,1,Open,2026-03-16,,,,116200,,
L1116,2026-03-17,1,1,2,7,3,Lost,2026-03-29,,2026-03-29,Not a fit,54400,,
L1117,2026-03-17,2,1,2,7,2,Lost,2026-03-29,,2026-03-29,No response,42700,,
L1118,2026-03-17,1,5,1,7,4,Lost,2026-04-12,,2026-04-12,Went with competitor,24600,,
L1119,2026-03-17,7,5,2,7,2,Lost,2026-03-21,,2026-03-21,No response,72600,,
L1120,2026-03-17,6,3,1,7,4,Lost,2026-04-09,,2026-04-09,Postponed decision,27000,,
L1121,2026-03-17,2,4,2,6,6,Won,2026-04-16,2026-04-16,,,72900,68000,30
L1122,2026-03-17,4,1,1,7,2,Lost,2026-03-25,,2026-03-25,Budget too low,24600,,
L1123,2026-03-17,5,1,1,6,6,Won,2026-04-11,2026-04-11,,,18500,16500,25
L1124,2026-03-18,5,4,2,7,5,Lost,2026-04-16,,2026-04-16,Postponed decision,76500,,
L1125,2026-03-18,7,3,2,7,2,Lost,2026-03-27,,2026-03-27,Budget too low,68400,,
L1126,2026-03-18,4,3,2,7,2,Lost,2026-03-23,,2026-03-23,Not a fit,44900,,
L1127,2026-03-18,3,5,1,7,1,Lost,2026-03-22,,2026-03-22,Budget too low,28300,,
L1128,2026-03-18,3,4,3,7,3,Lost,2026-04-06,,2026-04-06,No response,164100,,
L1129,2026-03-18,5,2,2,7,3,Lost,2026-03-28,,2026-03-28,Budget too low,76400,,
L1130,2026-03-18,6,1,1,7,4,Lost,2026-04-01,,2026-04-01,Postponed decision,24500,,
L1131,2026-03-18,1,1,1,7,2,Lost,2026-03-25,,2026-03-25,No response,29200,,
L1132,2026-03-18,3,5,1,7,5,Lost,2026-04-19,,2026-04-19,Price too high,29300,,
L1133,2026-03-18,5,5,2,7,4,Lost,2026-04-03,,2026-04-03,Postponed decision,52800,,
L1134,2026-03-19,1,5,2,7,1,Lost,2026-03-20,,2026-03-20,Budget too low,75200,,
L1135,2026-03-19,3,2,1,7,4,Lost,2026-04-08,,2026-04-08,Went with competitor,20300,,
L1136,2026-03-19,1,1,2,7,4,Lost,2026-04-04,,2026-04-04,Went with competitor,47800,,
L1137,2026-03-19,3,3,3,6,6,Won,2026-04-16,2026-04-16,,,107900,102900,28
L1138,2026-03-19,6,5,1,7,5,Lost,2026-04-10,,2026-04-10,Postponed decision,27400,,
L1139,2026-03-19,3,5,2,7,2,Lost,2026-03-26,,2026-03-26,No response,64800,,
L1140,2026-03-19,1,4,1,7,2,Lost,2026-03-27,,2026-03-27,Budget too low,17300,,
L1141,2026-03-19,4,2,2,7,2,Lost,2026-03-25,,2026-03-25,Budget too low,62400,,
L1142,2026-03-19,2,3,2,7,3,Lost,2026-04-02,,2026-04-02,Budget too low,74700,,
L1143,2026-03-20,1,4,1,7,3,Lost,2026-04-09,,2026-04-09,No response,20200,,
L1144,2026-03-20,2,3,4,7,2,Lost,2026-03-28,,2026-03-28,Not a fit,165800,,
L1145,2026-03-20,7,3,1,7,2,Lost,2026-03-24,,2026-03-24,No response,24200,,
L1146,2026-03-20,1,3,3,7,1,Lost,2026-03-21,,2026-03-21,No response,99000,,
L1147,2026-03-20,2,4,2,7,2,Lost,2026-03-24,,2026-03-24,No response,48000,,
L1148,2026-03-20,3,1,4,7,1,Lost,2026-03-22,,2026-03-22,No response,185000,,
L1149,2026-03-20,7,4,3,2,2,Open,2026-03-23,,,,106800,,
L1150,2026-03-20,3,1,4,7,2,Lost,2026-03-28,,2026-03-28,Not a fit,217000,,
L1151,2026-03-21,2,4,2,7,3,Lost,2026-04-03,,2026-04-03,Budget too low,68700,,
L1152,2026-03-21,2,4,2,7,1,Lost,2026-03-24,,2026-03-24,No response,47400,,
L1153,2026-03-21,2,2,2,7,4,Lost,2026-04-14,,2026-04-14,Postponed decision,50700,,
L1154,2026-03-21,5,1,2,7,4,Lost,2026-04-10,,2026-04-10,Postponed decision,77600,,
L1155,2026-03-22,5,2,2,7,2,Lost,2026-03-28,,2026-03-28,No response,63800,,
L1156,2026-03-22,1,5,4,7,2,Lost,2026-03-25,,2026-03-25,Budget too low,190400,,
L1157,2026-03-22,3,1,3,7,3,Lost,2026-03-31,,2026-03-31,Not a fit,130100,,
L1158,2026-03-22,2,1,3,7,2,Lost,2026-03-26,,2026-03-26,No response,142000,,
L1159,2026-03-22,7,4,1,7,1,Lost,2026-03-28,,2026-03-28,Budget too low,21100,,
L1160,2026-03-22,7,3,4,7,2,Lost,2026-04-01,,2026-04-01,No response,226500,,
L1161,2026-03-22,4,3,1,7,2,Lost,2026-03-25,,2026-03-25,Not a fit,29900,,
L1162,2026-03-23,2,4,3,6,6,Won,2026-04-02,2026-04-02,,,112300,99400,10
L1163,2026-03-23,2,5,1,7,1,Lost,2026-03-28,,2026-03-28,No response,28000,,
L1164,2026-03-23,5,5,1,6,6,Won,2026-04-20,2026-04-20,,,24000,22100,28
L1165,2026-03-23,4,4,3,7,2,Lost,2026-03-30,,2026-03-30,No response,118700,,
L1166,2026-03-23,2,2,3,7,3,Lost,2026-04-01,,2026-04-01,Not a fit,172300,,
L1167,2026-03-23,1,2,1,7,2,Lost,2026-03-29,,2026-03-29,Budget too low,20700,,
L1168,2026-03-23,1,2,3,7,3,Lost,2026-04-08,,2026-04-08,Budget too low,120000,,
L1169,2026-03-24,3,2,2,7,4,Lost,2026-04-17,,2026-04-17,Went with competitor,49600,,
L1170,2026-03-24,6,3,1,6,6,Won,2026-04-20,2026-04-20,,,15700,15400,27
L1171,2026-03-24,7,4,2,7,2,Lost,2026-03-31,,2026-03-31,No response,69300,,
L1172,2026-03-24,3,1,4,7,2,Lost,2026-03-29,,2026-03-29,No response,283600,,
L1173,2026-03-24,1,4,2,7,4,Lost,2026-04-11,,2026-04-11,Price too high,64700,,
L1174,2026-03-24,3,4,3,7,3,Lost,2026-04-05,,2026-04-05,No response,171900,,
L1175,2026-03-24,2,4,2,7,2,Lost,2026-04-02,,2026-04-02,Budget too low,49700,,
L1176,2026-03-24,5,1,2,7,2,Lost,2026-04-03,,2026-04-03,Budget too low,55100,,
L1177,2026-03-24,5,5,4,7,2,Lost,2026-03-31,,2026-03-31,Not a fit,344800,,
L1178,2026-03-24,2,1,2,7,3,Lost,2026-04-06,,2026-04-06,Budget too low,51200,,
L1179,2026-03-25,2,5,1,7,2,Lost,2026-04-01,,2026-04-01,Budget too low,27500,,
L1180,2026-03-25,4,5,3,7,2,Lost,2026-04-01,,2026-04-01,Not a fit,121100,,
L1181,2026-03-25,7,3,1,7,4,Lost,2026-04-15,,2026-04-15,Price too high,19100,,
L1182,2026-03-25,2,4,3,7,2,Lost,2026-03-31,,2026-03-31,Not a fit,147100,,
L1183,2026-03-25,1,1,1,7,3,Lost,2026-04-10,,2026-04-10,No response,21700,,
L1184,2026-03-25,2,4,3,6,6,Won,2026-04-17,2026-04-17,,,155200,154200,23
L1185,2026-03-25,4,4,2,6,6,Won,2026-04-20,2026-04-20,,,47800,43100,26
L1186,2026-03-25,2,3,1,7,2,Lost,2026-04-02,,2026-04-02,Not a fit,25400,,
L1187,2026-03-25,2,5,1,7,3,Lost,2026-04-08,,2026-04-08,Not a fit,30000,,
L1188,2026-03-25,4,2,2,7,2,Lost,2026-04-04,,2026-04-04,Not a fit,49700,,
L1189,2026-03-26,3,5,2,7,2,Lost,2026-04-06,,2026-04-06,Budget too low,76800,,
L1190,2026-03-26,3,1,1,7,2,Lost,2026-04-03,,2026-04-03,Not a fit,18700,,
L1191,2026-03-26,7,3,4,7,2,Lost,2026-04-03,,2026-04-03,Budget too low,236100,,
L1192,2026-03-26,1,3,2,6,6,Won,2026-04-16,2026-04-16,,,70900,65400,21
L1193,2026-03-26,1,4,1,7,2,Lost,2026-03-28,,2026-03-28,No response,19500,,
L1194,2026-03-26,6,2,2,7,1,Lost,2026-03-30,,2026-03-30,No response,62100,,
L1195,2026-03-27,1,4,2,6,6,Won,2026-04-28,2026-04-28,,,69500,66800,32
L1196,2026-03-27,3,3,2,7,2,Lost,2026-04-01,,2026-04-01,Budget too low,64500,,
L1197,2026-03-27,5,5,2,7,5,Lost,2026-04-21,,2026-04-21,Went with competitor,66900,,
L1198,2026-03-27,2,2,1,7,1,Lost,2026-03-30,,2026-03-30,Not a fit,21800,,
L1199,2026-03-27,1,4,4,7,3,Lost,2026-04-08,,2026-04-08,No response,251100,,
L1200,2026-03-27,2,3,1,7,2,Lost,2026-04-06,,2026-04-06,Budget too low,19300,,
L1201,2026-03-27,1,5,3,7,2,Lost,2026-03-30,,2026-03-30,No response,123000,,
L1202,2026-03-27,5,2,1,7,3,Lost,2026-04-07,,2026-04-07,Budget too low,30000,,
L1203,2026-03-27,4,2,2,7,2,Lost,2026-04-02,,2026-04-02,Not a fit,71400,,
L1204,2026-03-27,7,3,1,7,2,Lost,2026-04-06,,2026-04-06,Not a fit,19000,,
L1205,2026-03-28,6,2,3,7,3,Lost,2026-04-12,,2026-04-12,Not a fit,101900,,
L1206,2026-03-28,3,1,2,7,3,Lost,2026-04-08,,2026-04-08,Not a fit,70000,,
L1207,2026-03-29,6,5,2,7,3,Lost,2026-04-14,,2026-04-14,Budget too low,78700,,
L1208,2026-03-29,5,1,1,7,1,Lost,2026-03-30,,2026-03-30,No response,26800,,
L1209,2026-03-29,3,1,4,6,6,Won,2026-04-15,2026-04-15,,,235600,209900,17
L1210,2026-03-30,1,2,2,2,2,Open,2026-04-05,,,,45300,,
L1211,2026-03-30,2,1,4,6,6,Won,2026-04-14,2026-04-14,,,234500,206600,15
L1212,2026-03-30,4,4,2,7,5,Lost,2026-04-22,,2026-04-22,Price too high,48500,,
L1213,2026-03-30,3,5,3,7,3,Lost,2026-04-08,,2026-04-08,Not a fit,115600,,
L1214,2026-03-30,4,2,2,7,2,Lost,2026-04-05,,2026-04-05,Not a fit,44500,,
L1215,2026-03-30,1,5,2,7,1,Lost,2026-04-03,,2026-04-03,No response,61900,,
L1216,2026-03-30,1,1,1,7,2,Lost,2026-04-08,,2026-04-08,Not a fit,18200,,
L1217,2026-03-31,3,5,1,7,1,Lost,2026-04-02,,2026-04-02,No response,16300,,
L1218,2026-03-31,3,4,2,7,2,Lost,2026-04-12,,2026-04-12,No response,70500,,
L1219,2026-03-31,1,1,4,7,3,Lost,2026-04-11,,2026-04-11,No response,173200,,
L1220,2026-03-31,3,3,2,7,2,Lost,2026-04-05,,2026-04-05,No response,71300,,
L1221,2026-03-31,5,1,1,6,6,Won,2026-04-16,2026-04-16,,,21400,20100,16
L1222,2026-03-31,1,1,1,7,2,Lost,2026-04-03,,2026-04-03,Budget too low,22100,,
L1223,2026-03-31,5,4,1,7,4,Lost,2026-04-10,,2026-04-10,Price too high,18700,,
L1224,2026-03-31,6,3,3,7,2,Lost,2026-04-09,,2026-04-09,Budget too low,118000,,
L1225,2026-03-31,4,4,2,7,4,Lost,2026-04-08,,2026-04-08,Price too high,78900,,
L1226,2026-04-01,5,4,3,7,1,Lost,2026-04-06,,2026-04-06,Not a fit,155400,,
L1227,2026-04-01,3,1,4,7,1,Lost,2026-04-02,,2026-04-02,Budget too low,178500,,
L1228,2026-04-01,2,3,2,7,2,Lost,2026-04-07,,2026-04-07,No response,69900,,
L1229,2026-04-01,2,2,1,7,2,Lost,2026-04-08,,2026-04-08,No response,18900,,
L1230,2026-04-01,1,2,1,7,5,Lost,2026-04-20,,2026-04-20,Postponed decision,26600,,
L1231,2026-04-01,3,2,3,7,1,Lost,2026-04-03,,2026-04-03,Not a fit,119500,,
L1232,2026-04-01,3,3,1,7,5,Lost,2026-04-26,,2026-04-26,Postponed decision,29900,,
L1233,2026-04-01,1,5,1,6,6,Won,2026-04-21,2026-04-21,,,27200,25200,20
L1234,2026-04-01,2,3,1,7,2,Lost,2026-04-05,,2026-04-05,Not a fit,17800,,
L1235,2026-04-02,1,3,2,7,2,Lost,2026-04-12,,2026-04-12,Not a fit,56800,,
L1236,2026-04-02,5,3,2,7,3,Lost,2026-04-11,,2026-04-11,Not a fit,71300,,
L1237,2026-04-02,1,4,2,7,3,Lost,2026-04-09,,2026-04-09,No response,70700,,
L1238,2026-04-02,3,4,2,7,2,Lost,2026-04-10,,2026-04-10,Budget too low,73600,,
L1239,2026-04-02,1,3,4,7,5,Lost,2026-04-22,,2026-04-22,Price too high,262700,,
L1240,2026-04-02,5,3,3,7,2,Lost,2026-04-11,,2026-04-11,No response,172700,,
L1241,2026-04-02,6,3,4,7,3,Lost,2026-04-17,,2026-04-17,Not a fit,224700,,
L1242,2026-04-02,4,2,3,7,2,Lost,2026-04-12,,2026-04-12,Not a fit,140600,,
L1243,2026-04-03,2,3,1,7,3,Lost,2026-04-18,,2026-04-18,No response,25900,,
L1244,2026-04-03,7,2,1,7,2,Lost,2026-04-07,,2026-04-07,Budget too low,16200,,
L1245,2026-04-03,4,3,2,7,3,Lost,2026-04-18,,2026-04-18,Not a fit,50600,,
L1246,2026-04-03,3,4,2,6,6,Won,2026-04-23,2026-04-23,,,55000,48900,20
L1247,2026-04-03,7,1,1,7,2,Lost,2026-04-11,,2026-04-11,Not a fit,29800,,
L1248,2026-04-03,1,1,1,7,2,Lost,2026-04-11,,2026-04-11,Not a fit,29600,,
L1249,2026-04-03,1,1,2,7,2,Lost,2026-04-07,,2026-04-07,Budget too low,62000,,
L1250,2026-04-03,3,2,1,6,6,Won,2026-04-22,2026-04-22,,,18100,16500,19
L1251,2026-04-03,3,2,3,7,2,Lost,2026-04-12,,2026-04-12,Not a fit,140800,,
L1252,2026-04-03,7,5,1,7,2,Lost,2026-04-12,,2026-04-12,No response,15900,,
L1253,2026-04-03,3,1,2,7,2,Lost,2026-04-14,,2026-04-14,No response,74200,,
L1254,2026-04-04,1,2,4,7,2,Lost,2026-04-10,,2026-04-10,Budget too low,311700,,
L1255,2026-04-04,1,5,1,7,3,Lost,2026-04-19,,2026-04-19,No response,28700,,
L1256,2026-04-04,5,5,2,7,2,Lost,2026-04-07,,2026-04-07,Budget too low,71300,,
L1257,2026-04-04,5,3,3,7,5,Lost,2026-05-05,,2026-05-05,Price too high,169200,,
L1258,2026-04-04,5,3,3,7,4,Lost,2026-04-27,,2026-04-27,Went with competitor,91800,,
L1259,2026-04-04,2,4,2,7,2,Lost,2026-04-11,,2026-04-11,Budget too low,43600,,
L1260,2026-04-05,5,1,1,7,2,Lost,2026-04-12,,2026-04-12,No response,22600,,
L1261,2026-04-05,6,2,1,6,6,Won,2026-05-03,2026-05-03,,,15800,14200,28
L1262,2026-04-05,6,1,1,7,2,Lost,2026-04-12,,2026-04-12,Budget too low,20800,,
L1263,2026-04-05,1,4,2,7,4,Lost,2026-04-28,,2026-04-28,Postponed decision,74600,,
L1264,2026-04-05,4,4,3,7,3,Lost,2026-04-22,,2026-04-22,Not a fit,166600,,
L1265,2026-04-05,3,5,2,7,2,Lost,2026-04-09,,2026-04-09,Not a fit,51900,,
L1266,2026-04-06,4,2,1,7,2,Lost,2026-04-13,,2026-04-13,Budget too low,26500,,
L1267,2026-04-06,3,3,1,7,3,Lost,2026-04-19,,2026-04-19,Not a fit,21300,,
L1268,2026-04-06,6,3,2,7,2,Lost,2026-04-13,,2026-04-13,Budget too low,73800,,
L1269,2026-04-06,5,2,4,6,6,Won,2026-04-24,2026-04-24,,,329900,298000,18
L1270,2026-04-06,1,4,2,7,2,Lost,2026-04-12,,2026-04-12,Not a fit,56500,,
L1271,2026-04-06,1,2,3,6,6,Won,2026-04-27,2026-04-27,,,133900,133300,21
L1272,2026-04-06,2,1,2,7,2,Lost,2026-04-10,,2026-04-10,Budget too low,69200,,
L1273,2026-04-06,5,2,2,7,2,Lost,2026-04-11,,2026-04-11,Not a fit,53800,,
L1274,2026-04-07,7,4,3,7,1,Lost,2026-04-13,,2026-04-13,Not a fit,143700,,
L1275,2026-04-07,7,4,2,7,5,Lost,2026-05-05,,2026-05-05,Postponed decision,47500,,
L1276,2026-04-07,7,1,2,6,6,Won,2026-04-30,2026-04-30,,,40800,40300,23
L1277,2026-04-07,3,5,1,7,2,Lost,2026-04-14,,2026-04-14,Not a fit,16700,,
L1278,2026-04-07,4,3,1,7,1,Lost,2026-04-13,,2026-04-13,Not a fit,23200,,
L1279,2026-04-07,1,1,2,7,3,Lost,2026-04-24,,2026-04-24,Not a fit,76300,,
L1280,2026-04-07,7,3,1,7,3,Lost,2026-04-17,,2026-04-17,No response,15800,,
L1281,2026-04-08,4,3,2,7,4,Lost,2026-05-04,,2026-05-04,Postponed decision,57500,,
L1282,2026-04-08,6,2,1,7,2,Lost,2026-04-14,,2026-04-14,Budget too low,25400,,
L1283,2026-04-08,2,5,2,7,2,Lost,2026-04-16,,2026-04-16,Not a fit,54300,,
L1284,2026-04-08,1,4,2,7,2,Lost,2026-04-15,,2026-04-15,Budget too low,42500,,
L1285,2026-04-08,1,3,2,7,2,Lost,2026-04-15,,2026-04-15,Budget too low,67500,,
L1286,2026-04-08,2,5,3,7,2,Lost,2026-04-14,,2026-04-14,No response,145200,,
L1287,2026-04-08,5,3,1,6,6,Won,2026-04-30,2026-04-30,,,29600,27500,22
L1288,2026-04-08,3,1,3,7,2,Lost,2026-04-16,,2026-04-16,Not a fit,161300,,
L1289,2026-04-08,7,3,3,7,2,Lost,2026-04-15,,2026-04-15,Not a fit,163500,,
L1290,2026-04-08,4,1,1,1,1,Open,2026-04-08,,,,24900,,
L1291,2026-04-09,2,3,2,7,2,Lost,2026-04-17,,2026-04-17,No response,55000,,
L1292,2026-04-09,2,2,1,7,3,Lost,2026-04-19,,2026-04-19,Not a fit,29000,,
L1293,2026-04-09,3,5,4,7,2,Lost,2026-04-18,,2026-04-18,Not a fit,176900,,
L1294,2026-04-09,6,2,2,6,6,Won,2026-05-02,2026-05-02,,,46900,46300,23
L1295,2026-04-09,3,5,3,7,3,Lost,2026-04-25,,2026-04-25,Budget too low,154100,,
L1296,2026-04-09,7,2,2,7,2,Lost,2026-04-15,,2026-04-15,Budget too low,67800,,
L1297,2026-04-09,4,5,1,7,2,Lost,2026-04-15,,2026-04-15,No response,27700,,
L1298,2026-04-09,2,2,4,7,4,Lost,2026-04-28,,2026-04-28,Postponed decision,286700,,
L1299,2026-04-09,4,4,1,7,3,Lost,2026-04-23,,2026-04-23,No response,26800,,
L1300,2026-04-09,1,3,1,7,2,Lost,2026-04-19,,2026-04-19,Not a fit,28000,,
L1301,2026-04-10,3,2,1,7,1,Lost,2026-04-12,,2026-04-12,Budget too low,17700,,
L1302,2026-04-10,3,4,1,7,4,Lost,2026-04-19,,2026-04-19,Postponed decision,19200,,
L1303,2026-04-10,4,3,2,7,2,Lost,2026-04-18,,2026-04-18,Budget too low,62900,,
L1304,2026-04-10,1,5,2,7,5,Lost,2026-05-02,,2026-05-02,Postponed decision,43700,,
L1305,2026-04-10,6,2,4,6,6,Won,2026-05-05,2026-05-05,,,286500,255000,25
L1306,2026-04-10,1,5,2,7,2,Lost,2026-04-20,,2026-04-20,No response,65100,,
L1307,2026-04-10,3,4,2,7,4,Lost,2026-04-24,,2026-04-24,Went with competitor,77600,,
L1308,2026-04-10,2,4,2,7,2,Lost,2026-04-16,,2026-04-16,Budget too low,40700,,
L1309,2026-04-10,1,1,2,7,4,Lost,2026-04-26,,2026-04-26,Postponed decision,60100,,
L1310,2026-04-10,2,2,1,7,2,Lost,2026-04-17,,2026-04-17,Budget too low,28300,,
L1311,2026-04-11,1,1,1,7,5,Lost,2026-05-06,,2026-05-06,Postponed decision,23900,,
L1312,2026-04-11,3,5,1,7,5,Lost,2026-05-02,,2026-05-02,Price too high,25100,,
L1313,2026-04-11,3,3,3,7,2,Lost,2026-04-20,,2026-04-20,Not a fit,176300,,
L1314,2026-04-12,5,4,2,7,2,Lost,2026-04-18,,2026-04-18,No response,54300,,
L1315,2026-04-12,6,2,1,7,3,Lost,2026-04-27,,2026-04-27,No response,28300,,
L1316,2026-04-12,6,5,1,7,2,Lost,2026-04-20,,2026-04-20,Budget too low,28400,,
L1317,2026-04-12,5,3,1,7,4,Lost,2026-04-28,,2026-04-28,Went with competitor,22500,,
L1318,2026-04-12,7,1,1,7,2,Lost,2026-04-20,,2026-04-20,Not a fit,22300,,
L1319,2026-04-13,2,4,3,7,2,Lost,2026-04-17,,2026-04-17,Not a fit,93600,,
L1320,2026-04-13,3,5,1,6,6,Won,2026-05-11,2026-05-11,,,24800,22200,28
L1321,2026-04-13,1,1,2,7,2,Lost,2026-04-16,,2026-04-16,Not a fit,51200,,
L1322,2026-04-13,5,1,2,6,6,Won,2026-04-29,2026-04-29,,,59200,55000,16
L1323,2026-04-13,7,1,3,7,2,Lost,2026-04-18,,2026-04-18,No response,155500,,
L1324,2026-04-13,1,4,2,7,2,Lost,2026-04-17,,2026-04-17,Not a fit,71800,,
L1325,2026-04-13,6,5,2,7,2,Lost,2026-04-19,,2026-04-19,No response,49200,,
L1326,2026-04-13,3,2,2,7,2,Lost,2026-04-22,,2026-04-22,Budget too low,64600,,
L1327,2026-04-13,3,1,3,7,3,Lost,2026-05-03,,2026-05-03,Not a fit,159700,,
L1328,2026-04-14,6,5,1,7,2,Lost,2026-04-21,,2026-04-21,Not a fit,17000,,
L1329,2026-04-14,2,1,3,7,2,Lost,2026-04-17,,2026-04-17,Not a fit,161000,,
L1330,2026-04-14,2,1,1,7,2,Lost,2026-04-22,,2026-04-22,Not a fit,24800,,
L1331,2026-04-14,5,4,2,7,3,Lost,2026-04-30,,2026-04-30,Budget too low,62300,,
L1332,2026-04-14,1,2,2,7,2,Lost,2026-04-21,,2026-04-21,Budget too low,68000,,
L1333,2026-04-14,4,2,2,7,5,Lost,2026-04-30,,2026-04-30,Price too high,65400,,
L1334,2026-04-14,4,4,1,7,2,Lost,2026-04-24,,2026-04-24,Budget too low,27800,,
L1335,2026-04-14,1,2,2,7,4,Lost,2026-04-28,,2026-04-28,Postponed decision,54400,,
L1336,2026-04-15,2,5,4,7,2,Lost,2026-04-22,,2026-04-22,Budget too low,219600,,
L1337,2026-04-15,1,2,2,7,2,Lost,2026-04-23,,2026-04-23,Budget too low,44300,,
L1338,2026-04-15,5,5,1,7,5,Lost,2026-05-08,,2026-05-08,Went with competitor,21600,,
L1339,2026-04-15,7,5,2,6,6,Won,2026-05-11,2026-05-11,,,68000,61500,26
L1340,2026-04-15,5,3,1,7,2,Lost,2026-04-21,,2026-04-21,Budget too low,18000,,
L1341,2026-04-15,7,4,2,6,6,Won,2026-05-09,2026-05-09,,,70600,68900,24
L1342,2026-04-15,3,5,1,7,3,Lost,2026-04-24,,2026-04-24,Not a fit,20200,,
L1343,2026-04-15,3,3,2,6,6,Won,2026-05-17,2026-05-17,,,74500,66700,32
L1344,2026-04-15,3,2,3,7,2,Lost,2026-04-22,,2026-04-22,Budget too low,154900,,
L1345,2026-04-15,1,1,1,6,6,Won,2026-05-02,2026-05-02,,,22500,20700,17
L1346,2026-04-15,2,5,2,7,5,Lost,2026-05-20,,2026-05-20,Went with competitor,72400,,
L1347,2026-04-15,4,4,2,7,2,Lost,2026-04-22,,2026-04-22,No response,45800,,
L1348,2026-04-16,2,3,3,7,2,Lost,2026-04-26,,2026-04-26,Not a fit,144500,,
L1349,2026-04-16,2,2,3,7,1,Lost,2026-04-19,,2026-04-19,Budget too low,101300,,
L1350,2026-04-16,5,2,1,6,6,Won,2026-05-11,2026-05-11,,,16500,14800,25
L1351,2026-04-16,3,2,1,7,2,Lost,2026-04-24,,2026-04-24,Budget too low,25000,,
L1352,2026-04-16,3,5,1,7,2,Lost,2026-04-28,,2026-04-28,Not a fit,24000,,
L1353,2026-04-16,6,4,2,7,4,Lost,2026-04-26,,2026-04-26,Went with competitor,72200,,
L1354,2026-04-16,7,4,1,2,2,Open,2026-04-21,,,,26500,,
L1355,2026-04-16,2,4,3,6,6,Won,2026-05-13,2026-05-13,,,129300,127000,27
L1356,2026-04-16,1,3,1,6,6,Won,2026-05-03,2026-05-03,,,21800,19600,17
L1357,2026-04-16,3,3,2,7,5,Lost,2026-05-05,,2026-05-05,Price too high,71400,,
L1358,2026-04-16,1,2,2,6,6,Won,2026-05-14,2026-05-14,,,79000,71900,28
L1359,2026-04-17,4,2,2,6,6,Won,2026-04-28,2026-04-28,,,42100,37500,11
L1360,2026-04-17,1,1,2,7,2,Lost,2026-04-25,,2026-04-25,No response,53500,,
L1361,2026-04-17,1,2,1,6,6,Won,2026-05-14,2026-05-14,,,23400,21100,27
L1362,2026-04-17,2,4,1,6,6,Won,2026-05-15,2026-05-15,,,27500,25400,28
L1363,2026-04-17,4,3,3,7,3,Lost,2026-05-04,,2026-05-04,No response,149200,,
L1364,2026-04-17,1,1,1,7,3,Lost,2026-04-27,,2026-04-27,Budget too low,29100,,
L1365,2026-04-17,4,5,1,7,2,Lost,2026-04-24,,2026-04-24,No response,20500,,
L1366,2026-04-17,3,1,2,7,3,Lost,2026-04-28,,2026-04-28,No response,69700,,
L1367,2026-04-17,7,5,1,7,2,Lost,2026-04-24,,2026-04-24,No response,25900,,
L1368,2026-04-17,3,5,2,7,2,Lost,2026-04-24,,2026-04-24,No response,44200,,
L1369,2026-04-18,3,2,2,6,6,Won,2026-05-12,2026-05-12,,,64000,59800,24
L1370,2026-04-18,7,1,3,7,4,Lost,2026-05-07,,2026-05-07,Postponed decision,178500,,
L1371,2026-04-18,3,5,1,7,4,Lost,2026-04-30,,2026-04-30,Postponed decision,15600,,
L1372,2026-04-18,2,4,1,7,5,Lost,2026-05-22,,2026-05-22,Price too high,27400,,
L1373,2026-04-18,6,2,3,7,5,Lost,2026-05-13,,2026-05-13,Postponed decision,166500,,
L1374,2026-04-19,3,1,1,7,4,Lost,2026-05-04,,2026-05-04,Went with competitor,19300,,
L1375,2026-04-19,3,4,2,7,2,Lost,2026-04-28,,2026-04-28,Not a fit,62900,,
L1376,2026-04-19,4,5,1,6,6,Won,2026-05-19,2026-05-19,,,25100,23200,30
L1377,2026-04-20,1,1,1,6,6,Won,2026-05-16,2026-05-16,,,24300,23500,26
L1378,2026-04-20,1,1,2,7,2,Lost,2026-04-29,,2026-04-29,No response,76200,,
L1379,2026-04-20,3,1,1,7,2,Lost,2026-04-29,,2026-04-29,Budget too low,24900,,
L1380,2026-04-20,2,4,2,7,3,Lost,2026-05-06,,2026-05-06,No response,68400,,
L1381,2026-04-20,1,5,1,7,4,Lost,2026-05-13,,2026-05-13,Price too high,22300,,
L1382,2026-04-20,7,3,1,7,2,Lost,2026-04-28,,2026-04-28,Budget too low,20100,,
L1383,2026-04-20,4,4,1,7,2,Lost,2026-04-27,,2026-04-27,Budget too low,17300,,
L1384,2026-04-20,3,2,3,7,2,Lost,2026-04-27,,2026-04-27,Budget too low,117800,,
L1385,2026-04-20,6,3,1,7,3,Lost,2026-05-06,,2026-05-06,Not a fit,23000,,
L1386,2026-04-20,3,3,1,7,4,Lost,2026-05-02,,2026-05-02,Went with competitor,17800,,
L1387,2026-04-21,1,5,2,7,3,Lost,2026-04-29,,2026-04-29,Not a fit,66000,,
L1388,2026-04-21,1,2,3,7,2,Lost,2026-04-28,,2026-04-28,No response,96000,,
L1389,2026-04-21,2,1,2,7,2,Lost,2026-04-30,,2026-04-30,Budget too low,73000,,
L1390,2026-04-21,6,1,2,7,5,Lost,2026-05-15,,2026-05-15,Went with competitor,58100,,
L1391,2026-04-21,3,4,1,7,2,Lost,2026-04-24,,2026-04-24,No response,28800,,
L1392,2026-04-21,1,5,4,7,2,Lost,2026-04-29,,2026-04-29,Budget too low,289200,,
L1393,2026-04-21,6,4,1,6,6,Won,2026-05-25,2026-05-25,,,19900,19300,34
L1394,2026-04-22,4,2,1,7,3,Lost,2026-05-01,,2026-05-01,No response,17200,,
L1395,2026-04-22,4,3,1,7,2,Lost,2026-04-25,,2026-04-25,Not a fit,22500,,
L1396,2026-04-22,3,4,1,6,6,Won,2026-05-15,2026-05-15,,,24000,21600,23
L1397,2026-04-22,4,5,2,7,4,Lost,2026-05-11,,2026-05-11,Postponed decision,68000,,
L1398,2026-04-22,1,4,1,7,2,Lost,2026-04-29,,2026-04-29,No response,25400,,
L1399,2026-04-22,3,5,4,7,3,Lost,2026-05-08,,2026-05-08,Budget too low,246700,,
L1400,2026-04-22,3,5,3,7,3,Lost,2026-05-02,,2026-05-02,No response,134800,,
L1401,2026-04-22,5,4,2,7,5,Lost,2026-05-20,,2026-05-20,Postponed decision,53400,,
L1402,2026-04-22,7,2,1,7,3,Lost,2026-05-11,,2026-05-11,Budget too low,27500,,
L1403,2026-04-22,6,4,3,7,3,Lost,2026-05-07,,2026-05-07,Not a fit,127300,,
L1404,2026-04-22,1,2,1,7,3,Lost,2026-05-09,,2026-05-09,Not a fit,15500,,
L1405,2026-04-23,4,3,2,7,3,Lost,2026-05-04,,2026-05-04,No response,59900,,
L1406,2026-04-23,3,1,3,7,1,Lost,2026-04-26,,2026-04-26,Budget too low,171400,,
L1407,2026-04-23,6,3,3,7,4,Lost,2026-05-16,,2026-05-16,Postponed decision,102900,,
L1408,2026-04-23,6,3,2,7,2,Lost,2026-05-02,,2026-05-02,No response,41800,,
L1409,2026-04-23,2,2,1,6,6,Won,2026-05-25,2026-05-25,,,23000,20700,32
L1410,2026-04-23,2,3,2,7,4,Lost,2026-05-14,,2026-05-14,Postponed decision,42000,,
L1411,2026-04-23,5,1,4,7,4,Lost,2026-05-14,,2026-05-14,Postponed decision,301100,,
L1412,2026-04-23,2,3,2,6,6,Won,2026-05-11,2026-05-11,,,68000,65100,18
L1413,2026-04-23,5,5,2,7,3,Lost,2026-05-07,,2026-05-07,Not a fit,63600,,
L1414,2026-04-24,4,2,2,7,2,Lost,2026-05-04,,2026-05-04,Budget too low,43100,,
L1415,2026-04-24,1,4,1,7,4,Lost,2026-05-03,,2026-05-03,Postponed decision,29300,,
L1416,2026-04-24,1,5,1,7,2,Lost,2026-05-01,,2026-05-01,Budget too low,24200,,
L1417,2026-04-24,2,4,3,7,2,Lost,2026-05-03,,2026-05-03,Not a fit,172400,,
L1418,2026-04-24,1,5,4,7,3,Lost,2026-05-06,,2026-05-06,Budget too low,150200,,
L1419,2026-04-24,2,4,2,7,2,Lost,2026-04-29,,2026-04-29,No response,48400,,
L1420,2026-04-24,2,2,1,7,3,Lost,2026-05-10,,2026-05-10,Budget too low,16100,,
L1421,2026-04-24,3,4,2,7,3,Lost,2026-05-07,,2026-05-07,Not a fit,58200,,
L1422,2026-04-25,2,5,2,7,2,Lost,2026-05-03,,2026-05-03,No response,41300,,
L1423,2026-04-25,1,5,4,7,3,Lost,2026-05-07,,2026-05-07,Budget too low,346700,,
L1424,2026-04-25,5,3,2,7,3,Lost,2026-05-07,,2026-05-07,Not a fit,76100,,
L1425,2026-04-25,2,1,2,7,3,Lost,2026-05-11,,2026-05-11,Budget too low,63900,,
L1426,2026-04-26,1,1,3,7,3,Lost,2026-05-09,,2026-05-09,Not a fit,115000,,
L1427,2026-04-26,5,3,3,7,2,Lost,2026-05-02,,2026-05-02,Budget too low,111300,,
L1428,2026-04-26,7,2,3,6,6,Won,2026-05-25,2026-05-25,,,157700,152900,29
L1429,2026-04-26,5,5,1,7,3,Lost,2026-05-08,,2026-05-08,Budget too low,25300,,
L1430,2026-04-26,4,1,1,7,4,Lost,2026-05-15,,2026-05-15,Postponed decision,23000,,
L1431,2026-04-26,2,5,3,7,2,Lost,2026-04-29,,2026-04-29,No response,136800,,
L1432,2026-04-27,2,5,1,7,3,Lost,2026-05-10,,2026-05-10,Budget too low,21700,,
L1433,2026-04-27,1,1,1,7,2,Lost,2026-05-04,,2026-05-04,Not a fit,24100,,
L1434,2026-04-27,2,1,2,7,3,Lost,2026-05-10,,2026-05-10,Not a fit,76900,,
L1435,2026-04-27,2,1,1,7,5,Lost,2026-05-20,,2026-05-20,Price too high,27200,,
L1436,2026-04-27,1,1,2,7,2,Lost,2026-05-02,,2026-05-02,Not a fit,50000,,
L1437,2026-04-27,1,3,4,7,2,Lost,2026-05-07,,2026-05-07,No response,264900,,
L1438,2026-04-27,3,1,2,7,3,Lost,2026-05-03,,2026-05-03,Budget too low,67600,,
L1439,2026-04-27,1,5,3,7,2,Lost,2026-05-01,,2026-05-01,Budget too low,120600,,
L1440,2026-04-27,1,4,3,7,5,Lost,2026-05-24,,2026-05-24,Price too high,146800,,
L1441,2026-04-27,1,1,1,7,2,Lost,2026-05-03,,2026-05-03,Budget too low,25800,,
L1442,2026-04-28,6,1,3,7,3,Lost,2026-05-11,,2026-05-11,No response,134000,,
L1443,2026-04-28,3,2,3,7,3,Lost,2026-05-08,,2026-05-08,Budget too low,95800,,
L1444,2026-04-28,4,3,1,7,2,Lost,2026-05-02,,2026-05-02,Not a fit,25300,,
L1445,2026-04-28,1,3,1,7,3,Lost,2026-05-16,,2026-05-16,No response,21200,,
L1446,2026-04-28,6,1,1,7,2,Lost,2026-05-10,,2026-05-10,Not a fit,17700,,
L1447,2026-04-28,4,2,1,7,1,Lost,2026-04-30,,2026-04-30,Budget too low,19100,,
L1448,2026-04-28,4,5,1,7,3,Lost,2026-05-11,,2026-05-11,No response,22500,,
L1449,2026-04-28,4,5,2,7,2,Lost,2026-05-02,,2026-05-02,Not a fit,58600,,
L1450,2026-04-28,3,2,2,7,2,Lost,2026-05-06,,2026-05-06,Not a fit,41700,,
L1451,2026-04-28,1,1,4,7,2,Lost,2026-05-04,,2026-05-04,Budget too low,185200,,
L1452,2026-04-28,3,4,1,7,4,Lost,2026-05-12,,2026-05-12,Price too high,25200,,
L1453,2026-04-29,1,5,2,6,6,Won,2026-05-26,2026-05-26,,,55500,50800,27
L1454,2026-04-29,1,5,4,7,2,Lost,2026-05-05,,2026-05-05,No response,265600,,
L1455,2026-04-29,3,4,1,7,2,Lost,2026-05-03,,2026-05-03,Budget too low,26000,,
L1456,2026-04-29,7,5,3,7,2,Lost,2026-05-07,,2026-05-07,Not a fit,127600,,
L1457,2026-04-29,5,1,2,7,4,Lost,2026-05-09,,2026-05-09,Postponed decision,49600,,
L1458,2026-04-29,5,1,4,7,3,Lost,2026-05-10,,2026-05-10,No response,242800,,
L1459,2026-04-29,2,3,2,7,1,Lost,2026-05-05,,2026-05-05,Budget too low,51900,,
L1460,2026-04-29,3,2,3,7,1,Lost,2026-05-05,,2026-05-05,Budget too low,97300,,
L1461,2026-04-29,7,3,3,7,2,Lost,2026-05-10,,2026-05-10,No response,100000,,
L1462,2026-04-29,3,2,1,7,2,Lost,2026-05-10,,2026-05-10,Budget too low,20000,,
L1463,2026-04-29,1,2,1,7,4,Lost,2026-05-19,,2026-05-19,Went with competitor,28500,,
L1464,2026-04-30,7,1,1,7,4,Lost,2026-05-19,,2026-05-19,Price too high,28300,,
L1465,2026-04-30,2,5,4,7,3,Lost,2026-05-17,,2026-05-17,Not a fit,244800,,
L1466,2026-04-30,3,3,2,7,2,Lost,2026-05-07,,2026-05-07,Not a fit,66600,,
L1467,2026-04-30,1,3,1,7,2,Lost,2026-05-03,,2026-05-03,No response,20600,,
L1468,2026-04-30,4,3,1,7,5,Lost,2026-05-23,,2026-05-23,Price too high,17600,,
L1469,2026-04-30,2,5,4,7,2,Lost,2026-05-03,,2026-05-03,Not a fit,256700,,
L1470,2026-04-30,1,5,4,7,2,Lost,2026-05-09,,2026-05-09,Budget too low,216300,,
L1471,2026-04-30,4,4,1,6,6,Won,2026-05-21,2026-05-21,,,16700,16600,21
L1472,2026-05-01,2,1,1,7,1,Lost,2026-05-02,,2026-05-02,Not a fit,27700,,
L1473,2026-05-01,1,3,2,7,4,Lost,2026-05-26,,2026-05-26,Price too high,60500,,
L1474,2026-05-01,1,4,3,7,2,Lost,2026-05-07,,2026-05-07,Not a fit,127400,,
L1475,2026-05-01,1,5,2,7,1,Lost,2026-05-06,,2026-05-06,No response,45700,,
L1476,2026-05-01,7,5,3,7,2,Lost,2026-05-10,,2026-05-10,No response,98000,,
L1477,2026-05-01,1,4,1,7,2,Lost,2026-05-09,,2026-05-09,No response,22400,,
L1478,2026-05-01,1,1,1,7,4,Lost,2026-05-24,,2026-05-24,Price too high,19500,,
L1479,2026-05-01,3,3,2,7,3,Lost,2026-05-10,,2026-05-10,No response,62600,,
L1480,2026-05-01,3,2,1,7,2,Lost,2026-05-09,,2026-05-09,Not a fit,28200,,
L1481,2026-05-02,4,1,2,7,2,Lost,2026-05-06,,2026-05-06,Budget too low,70700,,
L1482,2026-05-02,5,3,2,7,5,Lost,2026-05-27,,2026-05-27,Postponed decision,67500,,
L1483,2026-05-02,4,5,3,7,2,Lost,2026-05-04,,2026-05-04,No response,154100,,
L1484,2026-05-02,3,3,2,7,2,Lost,2026-05-09,,2026-05-09,No response,45600,,
L1485,2026-05-02,5,1,1,6,6,Won,2026-05-26,2026-05-26,,,27900,26100,24
L1486,2026-05-02,6,1,1,7,1,Lost,2026-05-03,,2026-05-03,No response,25000,,
L1487,2026-05-03,3,2,1,7,1,Lost,2026-05-09,,2026-05-09,Budget too low,20300,,
L1488,2026-05-03,2,2,3,7,2,Lost,2026-05-13,,2026-05-13,Budget too low,160300,,
L1489,2026-05-03,1,2,4,7,1,Lost,2026-05-04,,2026-05-04,No response,184400,,
L1490,2026-05-03,6,5,3,7,2,Lost,2026-05-07,,2026-05-07,Not a fit,132700,,
L1491,2026-05-03,2,5,1,7,2,Lost,2026-05-08,,2026-05-08,Budget too low,16700,,
L1492,2026-05-04,1,4,1,7,2,Lost,2026-05-09,,2026-05-09,Not a fit,19300,,
L1493,2026-05-04,7,4,1,7,1,Lost,2026-05-08,,2026-05-08,Not a fit,16000,,
L1494,2026-05-04,1,4,2,7,2,Lost,2026-05-14,,2026-05-14,No response,55900,,
L1495,2026-05-04,5,2,1,7,2,Lost,2026-05-11,,2026-05-11,Budget too low,29600,,
L1496,2026-05-04,3,5,2,7,2,Lost,2026-05-12,,2026-05-12,Budget too low,70300,,
L1497,2026-05-04,2,4,1,7,1,Lost,2026-05-10,,2026-05-10,No response,18800,,
L1498,2026-05-04,1,1,3,7,3,Lost,2026-05-11,,2026-05-11,Budget too low,134800,,
L1499,2026-05-04,5,4,1,7,3,Lost,2026-05-14,,2026-05-14,No response,24900,,
L1500,2026-05-04,2,3,3,7,2,Lost,2026-05-09,,2026-05-09,No response,129800,,
L1501,2026-05-04,3,2,1,7,3,Lost,2026-05-25,,2026-05-25,Budget too low,20800,,
L1502,2026-05-05,1,3,2,7,4,Lost,2026-05-18,,2026-05-18,Postponed decision,78800,,
L1503,2026-05-05,2,1,2,7,3,Lost,2026-05-15,,2026-05-15,No response,79700,,
L1504,2026-05-05,2,1,2,7,3,Lost,2026-05-14,,2026-05-14,Not a fit,41500,,
L1505,2026-05-05,3,3,2,7,3,Lost,2026-05-24,,2026-05-24,No response,72300,,
L1506,2026-05-05,3,1,3,7,2,Lost,2026-05-08,,2026-05-08,No response,138200,,
L1507,2026-05-05,4,5,1,7,2,Lost,2026-05-11,,2026-05-11,Not a fit,20100,,
L1508,2026-05-05,3,3,2,7,2,Lost,2026-05-15,,2026-05-15,No response,61600,,
L1509,2026-05-05,6,5,3,7,1,Lost,2026-05-11,,2026-05-11,Not a fit,141900,,
L1510,2026-05-05,7,5,3,7,3,Lost,2026-05-16,,2026-05-16,Not a fit,166700,,
L1511,2026-05-05,6,4,1,7,2,Lost,2026-05-10,,2026-05-10,Not a fit,27500,,
L1512,2026-05-05,4,2,2,7,2,Lost,2026-05-11,,2026-05-11,Not a fit,44500,,
L1513,2026-05-05,2,1,1,7,2,Lost,2026-05-09,,2026-05-09,Not a fit,19100,,
L1514,2026-05-06,6,3,2,7,4,Lost,2026-05-25,,2026-05-25,Postponed decision,74700,,
L1515,2026-05-06,4,5,4,7,3,Lost,2026-05-18,,2026-05-18,Budget too low,336300,,
L1516,2026-05-06,1,4,1,7,4,Lost,2026-05-22,,2026-05-22,Price too high,16600,,
L1517,2026-05-06,2,3,3,7,2,Lost,2026-05-12,,2026-05-12,Budget too low,91900,,
L1518,2026-05-06,1,5,2,7,3,Lost,2026-05-24,,2026-05-24,Not a fit,65600,,
L1519,2026-05-06,2,2,1,7,3,Lost,2026-05-19,,2026-05-19,Not a fit,27900,,
L1520,2026-05-06,3,4,4,7,3,Lost,2026-05-22,,2026-05-22,Not a fit,216500,,
L1521,2026-05-06,4,1,2,7,4,Lost,2026-05-25,,2026-05-25,Postponed decision,47300,,
L1522,2026-05-06,2,3,2,7,5,Lost,2026-05-30,,2026-05-30,Postponed decision,74900,,
L1523,2026-05-06,1,1,4,7,4,Lost,2026-05-22,,2026-05-22,Went with competitor,189700,,
L1524,2026-05-07,5,4,3,7,4,Lost,2026-05-21,,2026-05-21,Went with competitor,134500,,
L1525,2026-05-07,4,2,2,7,1,Lost,2026-05-10,,2026-05-10,No response,56300,,
L1526,2026-05-07,4,2,2,7,3,Lost,2026-05-22,,2026-05-22,Budget too low,67400,,
L1527,2026-05-07,3,1,1,7,2,Lost,2026-05-14,,2026-05-14,Budget too low,15900,,
L1528,2026-05-07,4,1,1,6,6,Won,2026-06-08,2026-06-08,,,22600,20600,32
L1529,2026-05-07,2,2,2,7,1,Lost,2026-05-10,,2026-05-10,Not a fit,78900,,
L1530,2026-05-07,6,3,2,7,2,Lost,2026-05-16,,2026-05-16,No response,70500,,
L1531,2026-05-07,3,4,1,6,6,Won,2026-06-04,2026-06-04,,,17200,15300,28
L1532,2026-05-07,6,2,3,7,2,Lost,2026-05-17,,2026-05-17,No response,157500,,
L1533,2026-05-07,3,5,1,7,4,Lost,2026-05-18,,2026-05-18,Price too high,28800,,
L1534,2026-05-08,4,4,2,7,2,Lost,2026-05-14,,2026-05-14,Not a fit,78200,,
L1535,2026-05-08,7,5,1,7,2,Lost,2026-05-12,,2026-05-12,Budget too low,27900,,
L1536,2026-05-08,2,4,1,7,4,Lost,2026-05-26,,2026-05-26,Went with competitor,18600,,
L1537,2026-05-08,6,5,1,6,6,Won,2026-06-09,2026-06-09,,,25000,23500,32
L1538,2026-05-08,7,2,2,7,4,Lost,2026-05-31,,2026-05-31,Postponed decision,68500,,
L1539,2026-05-08,2,5,1,7,2,Lost,2026-05-13,,2026-05-13,Budget too low,16100,,
L1540,2026-05-08,5,3,1,7,2,Lost,2026-05-11,,2026-05-11,No response,16200,,
L1541,2026-05-08,1,3,1,7,3,Lost,2026-05-20,,2026-05-20,No response,25900,,
L1542,2026-05-08,2,1,1,7,2,Lost,2026-05-18,,2026-05-18,Budget too low,16800,,
L1543,2026-05-08,4,3,2,7,1,Lost,2026-05-14,,2026-05-14,Budget too low,79000,,
L1544,2026-05-08,2,3,1,6,6,Won,2026-06-03,2026-06-03,,,17000,15800,26
L1545,2026-05-08,1,2,3,4,4,Open,2026-05-19,,,,130100,,
L1546,2026-05-09,4,4,4,7,2,Lost,2026-05-15,,2026-05-15,Not a fit,319700,,
L1547,2026-05-09,3,5,4,7,3,Lost,2026-05-21,,2026-05-21,Not a fit,331000,,
L1548,2026-05-09,6,1,2,7,4,Lost,2026-06-02,,2026-06-02,Postponed decision,77600,,
L1549,2026-05-09,4,2,3,7,3,Lost,2026-05-23,,2026-05-23,Not a fit,155100,,
L1550,2026-05-09,4,1,2,7,3,Lost,2026-05-20,,2026-05-20,Not a fit,45200,,
L1551,2026-05-10,1,5,1,7,3,Lost,2026-05-26,,2026-05-26,Budget too low,16000,,
L1552,2026-05-10,2,2,3,7,2,Lost,2026-05-15,,2026-05-15,No response,168600,,
L1553,2026-05-10,7,5,2,7,4,Lost,2026-06-06,,2026-06-06,Went with competitor,74300,,
L1554,2026-05-10,5,1,1,3,3,Open,2026-05-15,,,,20500,,
L1555,2026-05-10,6,4,1,7,2,Lost,2026-05-19,,2026-05-19,No response,22600,,
L1556,2026-05-10,5,5,2,7,2,Lost,2026-05-19,,2026-05-19,Not a fit,49100,,
L1557,2026-05-11,7,4,1,7,3,Lost,2026-05-16,,2026-05-16,Budget too low,15100,,
L1558,2026-05-11,1,5,1,7,3,Lost,2026-05-31,,2026-05-31,Budget too low,24500,,
L1559,2026-05-11,5,3,1,7,2,Lost,2026-05-15,,2026-05-15,Budget too low,19200,,
L1560,2026-05-11,5,4,2,6,6,Won,2026-06-04,2026-06-04,,,75500,72200,24
L1561,2026-05-11,1,5,2,6,6,Won,2026-06-07,2026-06-07,,,49700,49600,27
L1562,2026-05-11,5,5,2,7,3,Lost,2026-05-23,,2026-05-23,Budget too low,75800,,
L1563,2026-05-11,5,1,1,7,2,Lost,2026-05-18,,2026-05-18,No response,23700,,
L1564,2026-05-11,1,4,3,7,4,Lost,2026-06-03,,2026-06-03,Went with competitor,132900,,
L1565,2026-05-11,5,4,3,7,2,Lost,2026-05-22,,2026-05-22,No response,103000,,
L1566,2026-05-12,1,2,4,7,2,Lost,2026-05-20,,2026-05-20,No response,223900,,
L1567,2026-05-12,3,1,2,7,3,Lost,2026-05-27,,2026-05-27,No response,79600,,
L1568,2026-05-12,1,4,1,7,4,Lost,2026-05-30,,2026-05-30,Postponed decision,23200,,
L1569,2026-05-12,4,4,2,7,4,Lost,2026-06-02,,2026-06-02,Postponed decision,46000,,
L1570,2026-05-12,1,2,3,7,2,Lost,2026-05-24,,2026-05-24,No response,141500,,
L1571,2026-05-12,7,5,2,7,3,Lost,2026-05-19,,2026-05-19,Not a fit,42100,,
L1572,2026-05-12,5,2,3,7,4,Lost,2026-05-21,,2026-05-21,Went with competitor,165500,,
L1573,2026-05-12,2,1,1,6,6,Won,2026-06-01,2026-06-01,,,16500,14800,20
L1574,2026-05-12,6,3,2,7,3,Lost,2026-05-24,,2026-05-24,Not a fit,73100,,
L1575,2026-05-12,1,4,2,7,2,Lost,2026-05-21,,2026-05-21,Budget too low,42600,,
L1576,2026-05-13,4,2,3,7,2,Lost,2026-05-24,,2026-05-24,No response,148600,,
L1577,2026-05-13,2,2,3,2,2,Open,2026-05-18,,,,138400,,
L1578,2026-05-13,3,5,1,1,1,Open,2026-05-13,,,,29600,,
L1579,2026-05-13,7,4,1,7,4,Lost,2026-06-08,,2026-06-08,Price too high,18800,,
L1580,2026-05-13,4,3,3,6,6,Won,2026-06-14,2026-06-14,,,109000,105000,32
L1581,2026-05-13,4,1,2,1,1,Open,2026-05-13,,,,40200,,
L1582,2026-05-13,1,5,3,7,3,Lost,2026-06-02,,2026-06-02,Not a fit,153300,,
L1583,2026-05-13,7,4,3,7,1,Lost,2026-05-19,,2026-05-19,No response,122200,,
L1584,2026-05-13,3,2,2,7,3,Lost,2026-05-24,,2026-05-24,No response,48900,,
L1585,2026-05-14,2,3,2,6,6,Won,2026-06-05,2026-06-05,,,68200,67700,22
L1586,2026-05-14,6,5,3,7,1,Lost,2026-05-15,,2026-05-15,Budget too low,114700,,
L1587,2026-05-14,4,5,1,7,2,Lost,2026-05-19,,2026-05-19,Not a fit,23400,,
L1588,2026-05-14,2,4,1,7,5,Lost,2026-06-10,,2026-06-10,Price too high,25200,,
L1589,2026-05-14,7,4,4,7,4,Lost,2026-05-27,,2026-05-27,Price too high,333400,,
L1590,2026-05-14,1,2,4,7,2,Lost,2026-05-24,,2026-05-24,No response,316500,,
L1591,2026-05-14,4,5,1,7,2,Lost,2026-05-19,,2026-05-19,No response,29600,,
L1592,2026-05-14,6,4,1,7,2,Lost,2026-05-18,,2026-05-18,Not a fit,24200,,
L1593,2026-05-14,1,4,1,7,2,Lost,2026-05-19,,2026-05-19,Budget too low,24000,,
L1594,2026-05-14,1,1,2,7,2,Lost,2026-05-20,,2026-05-20,No response,53100,,
L1595,2026-05-15,6,2,2,7,2,Lost,2026-05-23,,2026-05-23,No response,50300,,
L1596,2026-05-15,1,5,2,6,6,Won,2026-06-08,2026-06-08,,,78400,76700,24
L1597,2026-05-15,3,1,2,6,6,Won,2026-06-12,2026-06-12,,,47800,47100,28
L1598,2026-05-15,6,4,1,7,2,Lost,2026-05-21,,2026-05-21,Not a fit,15100,,
L1599,2026-05-15,5,4,1,7,3,Lost,2026-05-28,,2026-05-28,Not a fit,17800,,
L1600,2026-05-15,1,1,1,7,3,Lost,2026-05-27,,2026-05-27,No response,19300,,
L1601,2026-05-15,1,2,2,7,2,Lost,2026-05-20,,2026-05-20,Budget too low,71500,,
L1602,2026-05-15,7,5,3,7,4,Lost,2026-05-31,,2026-05-31,Postponed decision,169100,,
L1603,2026-05-15,3,5,1,7,2,Lost,2026-05-26,,2026-05-26,Not a fit,17200,,
L1604,2026-05-15,1,1,3,7,2,Lost,2026-05-23,,2026-05-23,Not a fit,161200,,
L1605,2026-05-15,3,4,1,7,4,Lost,2026-06-02,,2026-06-02,Went with competitor,25700,,
L1606,2026-05-15,1,4,3,6,6,Won,2026-06-08,2026-06-08,,,141400,132900,24
L1607,2026-05-16,3,3,2,7,2,Lost,2026-05-24,,2026-05-24,No response,54400,,
L1608,2026-05-16,1,3,1,7,2,Lost,2026-05-25,,2026-05-25,No response,18000,,
L1609,2026-05-16,4,2,4,7,2,Lost,2026-05-22,,2026-05-22,Not a fit,300500,,
L1610,2026-05-16,7,5,3,7,2,Lost,2026-05-24,,2026-05-24,Not a fit,91100,,
L1611,2026-05-16,1,5,3,6,6,Won,2026-06-13,2026-06-13,,,158200,153200,28
L1612,2026-05-17,3,3,1,7,3,Lost,2026-05-26,,2026-05-26,No response,21300,,
L1613,2026-05-17,7,3,2,7,2,Lost,2026-05-24,,2026-05-24,No response,72000,,
L1614,2026-05-17,3,2,2,7,2,Lost,2026-05-24,,2026-05-24,No response,53200,,
L1615,2026-05-17,1,5,2,7,5,Lost,2026-06-15,,2026-06-15,Went with competitor,47500,,
L1616,2026-05-17,5,4,4,5,5,Open,2026-06-09,,,,323100,,
L1617,2026-05-18,2,2,2,6,6,Won,2026-06-11,2026-06-11,,,76400,68900,24
L1618,2026-05-18,4,4,2,7,3,Lost,2026-05-30,,2026-05-30,Budget too low,76400,,
L1619,2026-05-18,2,1,2,7,2,Lost,2026-05-23,,2026-05-23,No response,68900,,
L1620,2026-05-18,5,5,3,7,5,Lost,2026-06-08,,2026-06-08,Price too high,119300,,
L1621,2026-05-18,2,4,2,7,2,Lost,2026-05-24,,2026-05-24,No response,42700,,
L1622,2026-05-18,1,1,2,7,2,Lost,2026-05-25,,2026-05-25,No response,47100,,
L1623,2026-05-18,3,2,1,7,2,Lost,2026-05-26,,2026-05-26,Budget too low,15500,,
L1624,2026-05-18,4,1,2,7,2,Lost,2026-05-21,,2026-05-21,Not a fit,52300,,
L1625,2026-05-18,6,2,1,7,3,Lost,2026-05-26,,2026-05-26,No response,21300,,
L1626,2026-05-18,2,1,3,6,6,Won,2026-06-15,2026-06-15,,,119000,116400,28
L1627,2026-05-18,4,3,1,7,2,Lost,2026-05-29,,2026-05-29,Budget too low,28300,,
L1628,2026-05-19,1,1,2,7,1,Lost,2026-05-25,,2026-05-25,Budget too low,79300,,
L1629,2026-05-19,1,2,2,7,2,Lost,2026-05-30,,2026-05-30,Not a fit,75400,,
L1630,2026-05-19,2,2,2,6,6,Won,2026-06-12,2026-06-12,,,68200,60300,24
L1631,2026-05-19,6,5,4,7,3,Lost,2026-05-28,,2026-05-28,No response,238700,,
L1632,2026-05-19,6,3,1,7,1,Lost,2026-05-25,,2026-05-25,Budget too low,18100,,
L1633,2026-05-19,4,2,2,7,3,Lost,2026-05-31,,2026-05-31,No response,55300,,
L1634,2026-05-19,1,5,2,6,6,Won,2026-06-15,2026-06-15,,,71800,69900,27
L1635,2026-05-19,1,3,2,7,2,Lost,2026-05-26,,2026-05-26,Not a fit,46700,,
L1636,2026-05-19,1,4,2,6,6,Won,2026-06-21,2026-06-21,,,43300,42900,33
L1637,2026-05-19,1,5,3,7,1,Lost,2026-05-23,,2026-05-23,Budget too low,123700,,
L1638,2026-05-19,2,4,1,7,1,Lost,2026-05-20,,2026-05-20,No response,29800,,
L1639,2026-05-20,1,4,4,7,3,Lost,2026-06-06,,2026-06-06,Budget too low,304300,,
L1640,2026-05-20,2,4,1,6,6,Won,2026-06-13,2026-06-13,,,27200,25800,24
L1641,2026-05-20,6,5,4,7,2,Lost,2026-05-29,,2026-05-29,Not a fit,325200,,
L1642,2026-05-20,3,4,3,7,2,Lost,2026-05-24,,2026-05-24,Not a fit,173200,,
L1643,2026-05-20,5,4,2,7,3,Lost,2026-06-05,,2026-06-05,No response,40300,,
L1644,2026-05-20,1,2,3,7,5,Lost,2026-06-08,,2026-06-08,Price too high,107800,,
L1645,2026-05-20,1,1,2,7,3,Lost,2026-05-28,,2026-05-28,No response,51100,,
L1646,2026-05-20,1,5,3,7,1,Lost,2026-05-23,,2026-05-23,Not a fit,123800,,
L1647,2026-05-20,5,5,2,7,3,Lost,2026-06-05,,2026-06-05,No response,54800,,
L1648,2026-05-21,1,4,3,7,2,Lost,2026-06-01,,2026-06-01,No response,169900,,
L1649,2026-05-21,2,5,2,7,3,Lost,2026-06-01,,2026-06-01,Budget too low,74800,,
L1650,2026-05-21,2,4,1,7,2,Lost,2026-05-26,,2026-05-26,Budget too low,22300,,
L1651,2026-05-21,6,4,1,7,4,Lost,2026-06-14,,2026-06-14,Went with competitor,17900,,
L1652,2026-05-21,1,4,4,7,2,Lost,2026-05-29,,2026-05-29,No response,246400,,
L1653,2026-05-21,2,1,1,7,2,Lost,2026-05-28,,2026-05-28,Budget too low,28900,,
L1654,2026-05-21,1,2,4,7,2,Lost,2026-06-01,,2026-06-01,Budget too low,276700,,
L1655,2026-05-21,1,3,2,7,2,Lost,2026-05-29,,2026-05-29,No response,68700,,
L1656,2026-05-21,2,3,1,4,4,Open,2026-06-03,,,,16300,,
L1657,2026-05-21,1,5,1,4,4,Open,2026-05-31,,,,20800,,
L1658,2026-05-21,6,3,1,7,5,Lost,2026-06-11,,2026-06-11,Price too high,29100,,
L1659,2026-05-22,2,3,1,7,2,Lost,2026-05-26,,2026-05-26,Budget too low,25800,,
L1660,2026-05-22,2,2,4,7,5,Lost,2026-06-19,,2026-06-19,Postponed decision,259600,,
L1661,2026-05-22,2,2,2,7,2,Lost,2026-05-26,,2026-05-26,No response,57700,,
L1662,2026-05-22,2,5,1,7,1,Lost,2026-05-26,,2026-05-26,Not a fit,26800,,
L1663,2026-05-22,4,2,4,7,1,Lost,2026-05-24,,2026-05-24,No response,169200,,
L1664,2026-05-22,7,3,2,7,3,Lost,2026-06-03,,2026-06-03,Not a fit,78800,,
L1665,2026-05-22,5,1,3,7,3,Lost,2026-06-04,,2026-06-04,Budget too low,167800,,
L1666,2026-05-22,1,5,2,6,6,Won,2026-06-26,2026-06-26,,,62900,61500,35
L1667,2026-05-23,1,5,3,7,2,Lost,2026-05-30,,2026-05-30,Budget too low,160500,,
L1668,2026-05-23,1,2,4,2,2,Open,2026-05-28,,,,329500,,
L1669,2026-05-23,3,3,1,7,4,Lost,2026-06-09,,2026-06-09,Postponed decision,16900,,
L1670,2026-05-23,1,3,1,6,6,Won,2026-06-12,2026-06-12,,,29200,26700,20
L1671,2026-05-23,6,2,2,6,6,Won,2026-06-13,2026-06-13,,,48600,43200,21
L1672,2026-05-24,4,2,3,6,6,Won,2026-06-21,2026-06-21,,,140700,129400,28
L1673,2026-05-24,1,3,3,6,6,Won,2026-06-10,2026-06-10,,,103200,99500,17
L1674,2026-05-24,6,5,1,7,1,Lost,2026-05-27,,2026-05-27,Not a fit,16500,,
L1675,2026-05-24,1,5,2,2,2,Open,2026-05-29,,,,75300,,
L1676,2026-05-25,3,2,2,7,2,Lost,2026-05-31,,2026-05-31,No response,45700,,
L1677,2026-05-25,4,4,3,7,2,Lost,2026-06-02,,2026-06-02,Budget too low,106500,,
L1678,2026-05-25,6,2,1,7,5,Lost,2026-06-15,,2026-06-15,Went with competitor,27900,,
L1679,2026-05-25,4,2,2,7,3,Lost,2026-06-06,,2026-06-06,Budget too low,60600,,
L1680,2026-05-25,3,3,1,7,2,Lost,2026-06-03,,2026-06-03,Budget too low,26100,,
L1681,2026-05-25,7,5,4,7,4,Lost,2026-06-13,,2026-06-13,Price too high,185000,,
L1682,2026-05-26,2,1,3,7,1,Lost,2026-05-29,,2026-05-29,Budget too low,141200,,
L1683,2026-05-26,3,1,4,7,3,Lost,2026-06-06,,2026-06-06,No response,328500,,
L1684,2026-05-26,2,1,1,7,5,Lost,2026-06-26,,2026-06-26,Price too high,22400,,
L1685,2026-05-26,7,4,1,7,5,Lost,2026-06-18,,2026-06-18,Went with competitor,20300,,
L1686,2026-05-26,1,4,2,7,5,Lost,2026-06-14,,2026-06-14,Price too high,72000,,
L1687,2026-05-26,1,3,2,1,1,Open,2026-05-26,,,,63900,,
L1688,2026-05-26,3,3,2,7,2,Lost,2026-05-31,,2026-05-31,Not a fit,70400,,
L1689,2026-05-26,7,2,2,6,6,Won,2026-06-08,2026-06-08,,,57200,54600,13
L1690,2026-05-26,1,1,2,7,4,Lost,2026-06-11,,2026-06-11,Price too high,61000,,
L1691,2026-05-26,2,1,1,6,6,Won,2026-06-19,2026-06-19,,,15000,14500,24
L1692,2026-05-27,2,5,2,6,6,Won,2026-06-10,2026-06-10,,,54900,51900,14
L1693,2026-05-27,2,4,4,7,3,Lost,2026-06-13,,2026-06-13,Not a fit,190400,,
L1694,2026-05-27,3,1,4,7,2,Lost,2026-06-04,,2026-06-04,No response,163500,,
L1695,2026-05-27,2,5,1,7,2,Lost,2026-06-05,,2026-06-05,No response,29600,,
L1696,2026-05-27,2,5,2,2,2,Open,2026-05-30,,,,71200,,
L1697,2026-05-27,3,5,2,7,5,Lost,2026-06-15,,2026-06-15,Went with competitor,75200,,
L1698,2026-05-27,6,3,3,2,2,Open,2026-05-29,,,,94600,,
L1699,2026-05-27,2,5,4,7,3,Lost,2026-06-08,,2026-06-08,No response,214900,,
L1700,2026-05-27,5,3,1,7,2,Lost,2026-06-05,,2026-06-05,Not a fit,29600,,
L1701,2026-05-27,6,5,2,6,6,Won,2026-06-18,2026-06-18,,,72700,68300,22
L1702,2026-05-27,4,3,1,6,6,Won,2026-06-14,2026-06-14,,,17400,15300,18
L1703,2026-05-27,6,1,1,7,2,Lost,2026-06-03,,2026-06-03,No response,26600,,
L1704,2026-05-28,6,1,1,7,3,Lost,2026-06-11,,2026-06-11,No response,22200,,
L1705,2026-05-28,1,1,1,7,3,Lost,2026-06-09,,2026-06-09,No response,19500,,
L1706,2026-05-28,6,4,2,7,2,Lost,2026-06-02,,2026-06-02,Not a fit,68600,,
L1707,2026-05-28,2,5,1,7,3,Lost,2026-06-04,,2026-06-04,No response,20400,,
L1708,2026-05-28,6,3,2,7,2,Lost,2026-06-03,,2026-06-03,Budget too low,51500,,
L1709,2026-05-28,5,1,3,7,2,Lost,2026-06-05,,2026-06-05,Not a fit,178000,,
L1710,2026-05-28,5,1,2,7,3,Lost,2026-06-11,,2026-06-11,Not a fit,78400,,
L1711,2026-05-28,3,3,1,7,5,Lost,2026-06-24,,2026-06-24,Price too high,29200,,
L1712,2026-05-29,2,2,4,7,1,Lost,2026-05-31,,2026-05-31,No response,153400,,
L1713,2026-05-29,6,3,3,7,2,Lost,2026-06-06,,2026-06-06,Not a fit,168000,,
L1714,2026-05-29,2,2,1,7,2,Lost,2026-06-10,,2026-06-10,Not a fit,17100,,
L1715,2026-05-29,1,1,2,7,4,Lost,2026-06-13,,2026-06-13,Postponed decision,43000,,
L1716,2026-05-29,7,4,2,7,2,Lost,2026-06-05,,2026-06-05,No response,53500,,
L1717,2026-05-29,3,2,2,7,1,Lost,2026-06-04,,2026-06-04,Not a fit,40400,,
L1718,2026-05-29,3,3,4,7,1,Lost,2026-06-02,,2026-06-02,Not a fit,250400,,
L1719,2026-05-29,7,5,2,7,2,Lost,2026-06-04,,2026-06-04,Budget too low,78000,,
L1720,2026-05-29,3,1,3,7,2,Lost,2026-06-05,,2026-06-05,Budget too low,132200,,
L1721,2026-05-29,2,3,1,7,3,Lost,2026-06-08,,2026-06-08,Not a fit,16200,,
L1722,2026-05-30,6,2,1,7,1,Lost,2026-06-04,,2026-06-04,Not a fit,29600,,
L1723,2026-05-30,1,3,1,7,1,Lost,2026-06-02,,2026-06-02,Budget too low,19600,,
L1724,2026-05-30,1,4,3,6,6,Won,2026-06-24,2026-06-24,,,177600,170800,25
L1725,2026-05-30,1,1,4,7,2,Lost,2026-06-07,,2026-06-07,Budget too low,196300,,
L1726,2026-05-30,3,5,2,7,4,Lost,2026-06-16,,2026-06-16,Postponed decision,77200,,
L1727,2026-05-31,4,4,1,7,2,Lost,2026-06-04,,2026-06-04,Not a fit,15200,,
L1728,2026-05-31,2,3,1,7,3,Lost,2026-06-11,,2026-06-11,Not a fit,19200,,
L1729,2026-05-31,4,2,4,7,2,Lost,2026-06-08,,2026-06-08,No response,344300,,
L1730,2026-05-31,3,5,3,7,3,Lost,2026-06-14,,2026-06-14,No response,175700,,
L1731,2026-05-31,4,5,1,7,4,Lost,2026-06-17,,2026-06-17,Went with competitor,27800,,
L1732,2026-06-01,1,4,3,7,2,Lost,2026-06-06,,2026-06-06,Not a fit,108000,,
L1733,2026-06-01,1,4,1,7,2,Lost,2026-06-12,,2026-06-12,No response,17300,,
L1734,2026-06-01,7,3,3,7,5,Lost,2026-06-30,,2026-06-30,Postponed decision,178100,,
L1735,2026-06-01,1,3,1,7,4,Lost,2026-06-20,,2026-06-20,Went with competitor,15800,,
L1736,2026-06-01,2,5,2,7,2,Lost,2026-06-11,,2026-06-11,Not a fit,40400,,
L1737,2026-06-01,4,3,1,7,2,Lost,2026-06-11,,2026-06-11,Budget too low,28400,,
L1738,2026-06-01,4,4,4,7,1,Lost,2026-06-07,,2026-06-07,No response,321500,,
L1739,2026-06-01,1,2,2,7,2,Lost,2026-06-07,,2026-06-07,Budget too low,61800,,
L1740,2026-06-01,7,3,3,7,2,Lost,2026-06-10,,2026-06-10,Not a fit,91500,,
L1741,2026-06-01,2,3,2,7,5,Lost,2026-06-23,,2026-06-23,Price too high,61700,,
L1742,2026-06-01,1,1,2,7,1,Lost,2026-06-06,,2026-06-06,No response,56500,,
L1743,2026-06-01,4,5,2,7,3,Lost,2026-06-19,,2026-06-19,Not a fit,41300,,
L1744,2026-06-02,7,4,2,5,5,Open,2026-06-24,,,,72800,,
L1745,2026-06-02,6,1,1,7,5,Lost,2026-06-25,,2026-06-25,Postponed decision,17300,,
L1746,2026-06-02,2,4,4,7,2,Lost,2026-06-13,,2026-06-13,Budget too low,184700,,
L1747,2026-06-02,1,5,3,7,5,Lost,2026-06-23,,2026-06-23,Price too high,165900,,
L1748,2026-06-02,5,2,4,7,3,Lost,2026-06-15,,2026-06-15,Budget too low,276900,,
L1749,2026-06-02,1,1,4,7,3,Lost,2026-06-18,,2026-06-18,No response,275500,,
L1750,2026-06-02,1,3,4,7,3,Lost,2026-06-17,,2026-06-17,Budget too low,191600,,
L1751,2026-06-02,6,2,1,7,2,Lost,2026-06-08,,2026-06-08,Not a fit,15200,,
L1752,2026-06-02,3,5,2,7,1,Lost,2026-06-05,,2026-06-05,No response,40200,,
L1753,2026-06-02,3,5,1,6,6,Won,2026-06-21,2026-06-21,,,22700,22200,19
L1754,2026-06-02,2,4,4,7,2,Lost,2026-06-13,,2026-06-13,Budget too low,200000,,
L1755,2026-06-03,7,4,2,6,6,Won,2026-07-01,2026-07-01,,,57800,53700,28
L1756,2026-06-03,3,5,2,6,6,Won,2026-06-24,2026-06-24,,,41200,39100,21
L1757,2026-06-03,2,2,2,7,2,Lost,2026-06-14,,2026-06-14,Budget too low,55400,,
L1758,2026-06-03,1,4,2,6,6,Won,2026-06-21,2026-06-21,,,57400,54900,18
L1759,2026-06-03,6,1,4,7,4,Lost,2026-06-23,,2026-06-23,Went with competitor,206900,,
L1760,2026-06-03,2,3,2,7,2,Lost,2026-06-12,,2026-06-12,Budget too low,62300,,
L1761,2026-06-03,7,1,3,7,2,Lost,2026-06-06,,2026-06-06,Budget too low,174400,,
L1762,2026-06-03,4,2,1,7,2,Lost,2026-06-07,,2026-06-07,No response,17900,,
L1763,2026-06-03,2,1,1,7,4,Lost,2026-06-21,,2026-06-21,Postponed decision,29200,,
L1764,2026-06-03,6,4,2,7,5,Lost,2026-06-21,,2026-06-21,Postponed decision,66700,,
L1765,2026-06-04,6,1,1,7,4,Lost,2026-06-28,,2026-06-28,Postponed decision,22400,,
L1766,2026-06-04,1,5,1,7,1,Lost,2026-06-08,,2026-06-08,Budget too low,17000,,
L1767,2026-06-04,3,4,1,7,1,Lost,2026-06-07,,2026-06-07,Budget too low,19200,,
L1768,2026-06-04,4,2,2,7,2,Lost,2026-06-06,,2026-06-06,Budget too low,44300,,
L1769,2026-06-04,3,3,1,7,5,Lost,2026-06-30,,2026-06-30,Postponed decision,23300,,
L1770,2026-06-04,3,5,2,6,6,Won,2026-06-30,2026-06-30,,,67200,60500,26
L1771,2026-06-04,1,3,3,1,1,Open,2026-06-04,,,,115900,,
L1772,2026-06-04,1,5,2,7,3,Lost,2026-06-12,,2026-06-12,Budget too low,52200,,
L1773,2026-06-04,3,3,1,7,5,Lost,2026-06-22,,2026-06-22,Postponed decision,29600,,
L1774,2026-06-04,3,2,3,7,4,Lost,2026-06-25,,2026-06-25,Postponed decision,99000,,
L1775,2026-06-04,5,5,2,7,5,Lost,2026-07-04,,2026-07-04,Went with competitor,50800,,
L1776,2026-06-04,4,3,3,7,1,Lost,2026-06-08,,2026-06-08,Budget too low,151100,,
L1777,2026-06-04,1,3,3,7,2,Lost,2026-06-12,,2026-06-12,Budget too low,125200,,
L1778,2026-06-05,3,3,1,7,2,Lost,2026-06-16,,2026-06-16,Budget too low,29500,,
L1779,2026-06-05,3,2,1,7,5,Lost,2026-06-21,,2026-06-21,Postponed decision,19300,,
L1780,2026-06-05,4,5,1,7,5,Lost,2026-06-30,,2026-06-30,Went with competitor,16300,,
L1781,2026-06-05,3,2,2,6,6,Won,2026-07-06,2026-07-06,,,67200,63400,31
L1782,2026-06-05,4,5,4,7,4,Lost,2026-06-27,,2026-06-27,Postponed decision,292500,,
L1783,2026-06-05,3,2,2,7,2,Lost,2026-06-10,,2026-06-10,Not a fit,76000,,
L1784,2026-06-05,5,5,2,7,4,Lost,2026-06-26,,2026-06-26,Price too high,42200,,
L1785,2026-06-05,4,5,1,7,3,Lost,2026-06-11,,2026-06-11,Budget too low,26100,,
L1786,2026-06-05,4,1,1,7,5,Lost,2026-07-05,,2026-07-05,Postponed decision,17300,,
L1787,2026-06-05,2,5,2,7,2,Lost,2026-06-11,,2026-06-11,Budget too low,74400,,
L1788,2026-06-05,2,5,3,7,2,Lost,2026-06-13,,2026-06-13,Budget too low,139200,,
L1789,2026-06-05,2,4,2,7,2,Lost,2026-06-10,,2026-06-10,No response,44300,,
L1790,2026-06-05,3,1,2,7,4,Lost,2026-06-24,,2026-06-24,Postponed decision,75700,,
L1791,2026-06-06,1,5,2,7,2,Lost,2026-06-13,,2026-06-13,No response,42500,,
L1792,2026-06-06,2,3,4,7,3,Lost,2026-06-26,,2026-06-26,Budget too low,163600,,
L1793,2026-06-06,2,3,2,7,4,Lost,2026-06-26,,2026-06-26,Postponed decision,63200,,
L1794,2026-06-06,5,1,3,7,1,Lost,2026-06-10,,2026-06-10,No response,105700,,
L1795,2026-06-06,4,1,1,6,6,Won,2026-07-08,2026-07-08,,,26200,23800,32
L1796,2026-06-06,5,4,3,7,4,Lost,2026-06-24,,2026-06-24,Went with competitor,162800,,
L1797,2026-06-06,1,5,2,7,2,Lost,2026-06-15,,2026-06-15,No response,73300,,
L1798,2026-06-07,6,5,1,7,3,Lost,2026-06-19,,2026-06-19,Not a fit,26700,,
L1799,2026-06-07,2,3,1,7,2,Lost,2026-06-13,,2026-06-13,Budget too low,28100,,
L1800,2026-06-07,2,5,1,7,1,Lost,2026-06-11,,2026-06-11,Not a fit,25500,,
L1801,2026-06-08,4,1,1,6,6,Won,2026-06-27,2026-06-27,,,18900,18000,19
L1802,2026-06-08,1,5,2,7,5,Lost,2026-06-27,,2026-06-27,Price too high,45200,,
L1803,2026-06-08,2,4,2,7,2,Lost,2026-06-15,,2026-06-15,Not a fit,57200,,
L1804,2026-06-08,2,3,2,7,2,Lost,2026-06-18,,2026-06-18,No response,42300,,
L1805,2026-06-08,6,2,3,7,2,Lost,2026-06-15,,2026-06-15,No response,96900,,
L1806,2026-06-08,7,2,2,7,3,Lost,2026-06-18,,2026-06-18,No response,59100,,
L1807,2026-06-08,3,3,4,7,2,Lost,2026-06-17,,2026-06-17,Budget too low,306000,,
L1808,2026-06-08,1,3,4,7,5,Lost,2026-07-04,,2026-07-04,Went with competitor,291100,,
L1809,2026-06-08,7,1,2,6,6,Won,2026-07-05,2026-07-05,,,41400,39100,27
L1810,2026-06-08,4,1,2,7,2,Lost,2026-06-16,,2026-06-16,Budget too low,53900,,
L1811,2026-06-08,1,1,1,7,2,Lost,2026-06-13,,2026-06-13,Budget too low,27400,,
L1812,2026-06-08,2,3,3,6,6,Won,2026-07-07,2026-07-07,,,174400,165400,29
L1813,2026-06-09,2,3,3,7,2,Lost,2026-06-13,,2026-06-13,Not a fit,162900,,
L1814,2026-06-09,3,4,1,7,5,Lost,2026-07-06,,2026-07-06,Price too high,15600,,
L1815,2026-06-09,1,2,1,7,2,Lost,2026-06-15,,2026-06-15,Budget too low,24300,,
L1816,2026-06-09,2,5,3,7,1,Lost,2026-06-12,,2026-06-12,No response,95500,,
L1817,2026-06-09,4,3,2,7,3,Lost,2026-06-22,,2026-06-22,Budget too low,41800,,
L1818,2026-06-09,2,4,3,7,3,Lost,2026-06-24,,2026-06-24,No response,102900,,
L1819,2026-06-09,2,3,4,7,2,Lost,2026-06-20,,2026-06-20,Budget too low,332400,,
L1820,2026-06-09,5,3,4,7,4,Lost,2026-07-06,,2026-07-06,Postponed decision,225800,,
L1821,2026-06-09,5,5,3,7,3,Lost,2026-06-24,,2026-06-24,Not a fit,144600,,
L1822,2026-06-09,1,3,3,7,1,Lost,2026-06-15,,2026-06-15,Not a fit,100400,,
L1823,2026-06-09,2,3,2,7,3,Lost,2026-06-21,,2026-06-21,No response,43100,,
L1824,2026-06-09,5,4,2,7,3,Lost,2026-06-25,,2026-06-25,No response,66600,,
L1825,2026-06-10,6,4,1,7,5,Lost,2026-07-05,,2026-07-05,Went with competitor,16800,,
L1826,2026-06-10,1,5,1,7,3,Lost,2026-06-26,,2026-06-26,Not a fit,19400,,
L1827,2026-06-10,4,4,1,7,3,Lost,2026-06-24,,2026-06-24,Not a fit,22200,,
L1828,2026-06-10,2,4,1,7,2,Lost,2026-06-12,,2026-06-12,Budget too low,25800,,
L1829,2026-06-10,3,4,1,7,5,Lost,2026-07-03,,2026-07-03,Went with competitor,20800,,
L1830,2026-06-10,7,3,4,7,2,Lost,2026-06-21,,2026-06-21,No response,300700,,
L1831,2026-06-10,1,1,4,7,3,Lost,2026-06-22,,2026-06-22,Budget too low,258000,,
L1832,2026-06-10,1,4,1,7,3,Lost,2026-06-20,,2026-06-20,No response,16600,,
L1833,2026-06-10,7,1,3,7,2,Lost,2026-06-18,,2026-06-18,Budget too low,110000,,
L1834,2026-06-10,5,3,3,7,3,Lost,2026-06-23,,2026-06-23,Budget too low,93500,,
L1835,2026-06-10,1,2,2,7,2,Lost,2026-06-14,,2026-06-14,Not a fit,74900,,
L1836,2026-06-11,1,5,3,1,1,Open,2026-06-11,,,,157500,,
L1837,2026-06-11,1,5,2,7,3,Lost,2026-07-02,,2026-07-02,No response,68400,,
L1838,2026-06-11,6,2,3,7,5,Lost,2026-07-11,,2026-07-11,Postponed decision,150100,,
L1839,2026-06-11,1,4,3,6,6,Won,2026-07-09,2026-07-09,,,159600,145400,28
L1840,2026-06-11,1,4,3,7,3,Lost,2026-06-19,,2026-06-19,Budget too low,120600,,
L1841,2026-06-11,4,2,2,7,2,Lost,2026-06-18,,2026-06-18,Budget too low,40800,,
L1842,2026-06-11,1,1,2,7,4,Lost,2026-07-01,,2026-07-01,Price too high,54500,,
L1843,2026-06-11,6,5,1,7,2,Lost,2026-06-19,,2026-06-19,No response,21000,,
L1844,2026-06-11,1,1,3,6,6,Won,2026-07-14,2026-07-14,,,124000,118100,33
L1845,2026-06-11,2,3,2,7,2,Lost,2026-06-21,,2026-06-21,Not a fit,69700,,
L1846,2026-06-11,2,1,1,7,3,Lost,2026-06-24,,2026-06-24,Budget too low,21100,,
L1847,2026-06-11,4,4,1,7,2,Lost,2026-06-14,,2026-06-14,Not a fit,29600,,
L1848,2026-06-12,1,1,1,7,2,Lost,2026-06-20,,2026-06-20,Not a fit,17500,,
L1849,2026-06-12,3,5,3,7,3,Lost,2026-06-26,,2026-06-26,Not a fit,95300,,
L1850,2026-06-12,4,5,3,7,2,Lost,2026-06-22,,2026-06-22,Budget too low,139100,,
L1851,2026-06-12,7,1,4,7,5,Lost,2026-07-01,,2026-07-01,Postponed decision,235100,,
L1852,2026-06-12,2,1,1,7,2,Lost,2026-06-21,,2026-06-21,No response,21500,,
L1853,2026-06-12,1,5,2,6,6,Won,2026-07-06,2026-07-06,,,72100,72000,24
L1854,2026-06-12,1,2,1,6,6,Won,2026-07-03,2026-07-03,,,16400,15000,21
L1855,2026-06-12,4,4,4,7,5,Lost,2026-07-07,,2026-07-07,Postponed decision,262200,,
L1856,2026-06-12,6,4,1,7,5,Lost,2026-06-28,,2026-06-28,Went with competitor,15000,,
L1857,2026-06-12,2,1,1,7,3,Lost,2026-06-28,,2026-06-28,Budget too low,20900,,
L1858,2026-06-12,6,2,3,7,2,Lost,2026-06-19,,2026-06-19,No response,140400,,
L1859,2026-06-12,1,3,3,7,5,Lost,2026-06-28,,2026-06-28,Went with competitor,159400,,
L1860,2026-06-13,2,3,2,7,2,Lost,2026-06-24,,2026-06-24,Budget too low,55900,,
L1861,2026-06-13,6,5,2,7,3,Lost,2026-06-24,,2026-06-24,No response,59600,,
L1862,2026-06-13,6,2,1,7,2,Lost,2026-06-18,,2026-06-18,Not a fit,27500,,
L1863,2026-06-13,7,2,2,6,6,Won,2026-07-12,2026-07-12,,,69500,68000,29
L1864,2026-06-13,3,3,1,7,2,Lost,2026-06-21,,2026-06-21,No response,21700,,
L1865,2026-06-14,2,5,2,7,4,Lost,2026-06-26,,2026-06-26,Price too high,53700,,
L1866,2026-06-14,1,3,2,7,2,Lost,2026-06-19,,2026-06-19,Budget too low,75100,,
L1867,2026-06-14,1,1,2,7,5,Lost,2026-07-07,,2026-07-07,Postponed decision,51500,,
L1868,2026-06-14,3,2,1,6,6,Won,2026-07-15,2026-07-15,,,27500,26800,31
L1869,2026-06-14,2,4,1,7,4,Lost,2026-07-04,,2026-07-04,Price too high,28800,,
L1870,2026-06-15,2,1,1,7,2,Lost,2026-06-25,,2026-06-25,Budget too low,20400,,
L1871,2026-06-15,4,4,2,7,3,Lost,2026-06-28,,2026-06-28,Budget too low,49700,,
L1872,2026-06-15,1,4,3,7,2,Lost,2026-06-19,,2026-06-19,Budget too low,175900,,
L1873,2026-06-15,7,2,4,6,6,Won,2026-07-05,2026-07-05,,,263600,234500,20
L1874,2026-06-15,1,2,2,7,3,Lost,2026-07-04,,2026-07-04,Budget too low,69000,,
L1875,2026-06-15,1,4,2,7,3,Lost,2026-06-24,,2026-06-24,Budget too low,73300,,
L1876,2026-06-15,6,5,2,7,1,Lost,2026-06-21,,2026-06-21,No response,42900,,
L1877,2026-06-15,1,5,1,7,2,Lost,2026-06-24,,2026-06-24,Budget too low,18500,,
L1878,2026-06-15,1,4,1,7,5,Lost,2026-07-17,,2026-07-17,Went with competitor,18200,,
L1879,2026-06-15,5,3,2,7,3,Lost,2026-06-30,,2026-06-30,Budget too low,44100,,
L1880,2026-06-15,2,1,1,7,3,Lost,2026-07-02,,2026-07-02,Not a fit,18900,,
L1881,2026-06-15,1,2,4,2,2,Open,2026-06-21,,,,256300,,
L1882,2026-06-16,7,5,1,7,5,Lost,2026-07-11,,2026-07-11,Price too high,22700,,
L1883,2026-06-16,3,2,1,7,2,Lost,2026-06-22,,2026-06-22,Budget too low,21300,,
L1884,2026-06-16,5,2,1,7,3,Lost,2026-06-26,,2026-06-26,Budget too low,23000,,
L1885,2026-06-16,5,5,2,7,5,Lost,2026-07-04,,2026-07-04,Postponed decision,43100,,
L1886,2026-06-16,6,4,4,7,2,Lost,2026-06-21,,2026-06-21,No response,308700,,
L1887,2026-06-16,2,4,1,7,3,Lost,2026-07-02,,2026-07-02,Not a fit,29000,,
L1888,2026-06-16,1,2,1,7,3,Lost,2026-06-27,,2026-06-27,No response,21200,,
L1889,2026-06-16,1,3,3,6,6,Won,2026-07-19,2026-07-19,,,144800,139500,33
L1890,2026-06-16,4,3,2,7,5,Lost,2026-07-11,,2026-07-11,Price too high,66400,,
L1891,2026-06-16,4,5,2,7,5,Lost,2026-07-05,,2026-07-05,Price too high,79800,,
L1892,2026-06-16,6,4,2,7,4,Lost,2026-07-09,,2026-07-09,Went with competitor,54100,,
L1893,2026-06-16,5,3,3,2,2,Open,2026-06-18,,,,130500,,
L1894,2026-06-17,4,1,2,7,5,Lost,2026-07-07,,2026-07-07,Went with competitor,66100,,
L1895,2026-06-17,1,5,3,7,2,Lost,2026-06-22,,2026-06-22,No response,148900,,
L1896,2026-06-17,1,2,1,7,2,Lost,2026-06-25,,2026-06-25,No response,19400,,
L1897,2026-06-17,5,4,2,7,3,Lost,2026-06-24,,2026-06-24,Budget too low,44400,,
L1898,2026-06-17,4,5,4,7,1,Lost,2026-06-21,,2026-06-21,Budget too low,322400,,
L1899,2026-06-17,3,5,2,7,2,Lost,2026-06-25,,2026-06-25,Budget too low,61400,,
L1900,2026-06-17,5,3,2,7,2,Lost,2026-06-23,,2026-06-23,Budget too low,77100,,
L1901,2026-06-17,5,1,3,7,4,Lost,2026-06-29,,2026-06-29,Went with competitor,123000,,
L1902,2026-06-17,2,4,1,7,2,Lost,2026-06-22,,2026-06-22,No response,21800,,
L1903,2026-06-17,1,3,2,7,2,Lost,2026-06-27,,2026-06-27,Budget too low,68600,,
L1904,2026-06-17,2,2,1,7,5,Lost,2026-07-18,,2026-07-18,Postponed decision,19400,,
L1905,2026-06-17,1,5,1,7,3,Lost,2026-06-27,,2026-06-27,No response,20600,,
L1906,2026-06-18,2,3,1,7,2,Lost,2026-06-27,,2026-06-27,Budget too low,17300,,
L1907,2026-06-18,6,1,3,7,2,Lost,2026-06-26,,2026-06-26,Not a fit,166100,,
L1908,2026-06-18,4,3,2,7,2,Lost,2026-06-25,,2026-06-25,Budget too low,50900,,
L1909,2026-06-18,2,3,3,7,4,Lost,2026-07-05,,2026-07-05,Price too high,106400,,
L1910,2026-06-18,3,1,1,6,6,Won,2026-07-12,2026-07-12,,,18700,17100,24
L1911,2026-06-18,1,4,3,7,2,Lost,2026-06-29,,2026-06-29,No response,100000,,
L1912,2026-06-18,2,4,2,6,6,Won,2026-07-18,2026-07-18,,,59700,54800,30
L1913,2026-06-18,7,4,2,7,5,Lost,2026-07-14,,2026-07-14,Went with competitor,47200,,
L1914,2026-06-18,1,3,4,7,2,Lost,2026-06-23,,2026-06-23,Budget too low,192100,,
L1915,2026-06-19,3,4,2,7,3,Lost,2026-07-02,,2026-07-02,Not a fit,71500,,
L1916,2026-06-19,3,4,2,1,1,Open,2026-06-19,,,,70500,,
L1917,2026-06-19,7,1,4,6,6,Won,2026-07-22,2026-07-22,,,220700,199500,33
L1918,2026-06-19,1,5,2,7,2,Lost,2026-06-27,,2026-06-27,No response,51000,,
L1919,2026-06-19,5,4,2,7,1,Lost,2026-06-22,,2026-06-22,Budget too low,76400,,
L1920,2026-06-19,2,1,1,7,1,Lost,2026-06-23,,2026-06-23,No response,20100,,
L1921,2026-06-19,3,1,1,6,6,Won,2026-07-09,2026-07-09,,,26600,25900,20
L1922,2026-06-19,6,3,4,7,3,Lost,2026-07-04,,2026-07-04,Budget too low,222200,,
L1923,2026-06-19,2,5,3,7,2,Lost,2026-06-24,,2026-06-24,No response,92100,,
L1924,2026-06-19,6,5,2,7,3,Lost,2026-07-02,,2026-07-02,Budget too low,62600,,
L1925,2026-06-20,1,5,3,7,2,Lost,2026-06-27,,2026-06-27,No response,137900,,
L1926,2026-06-20,5,4,3,7,3,Lost,2026-07-08,,2026-07-08,Budget too low,131900,,
L1927,2026-06-20,5,4,3,7,5,Lost,2026-07-19,,2026-07-19,Postponed decision,126100,,
L1928,2026-06-20,6,2,1,7,2,Lost,2026-06-22,,2026-06-22,Budget too low,17200,,
L1929,2026-06-21,6,2,2,6,6,Won,2026-07-13,2026-07-13,,,48100,44900,22
L1930,2026-06-21,2,2,3,7,3,Lost,2026-07-01,,2026-07-01,Budget too low,143100,,
L1931,2026-06-21,3,3,2,7,2,Lost,2026-06-27,,2026-06-27,No response,48400,,
L1932,2026-06-21,1,4,2,7,3,Lost,2026-07-03,,2026-07-03,Not a fit,74300,,
L1933,2026-06-21,6,1,4,6,6,Won,2026-07-08,2026-07-08,,,204900,190500,17
L1934,2026-06-22,1,2,1,7,2,Lost,2026-06-29,,2026-06-29,No response,22800,,
L1935,2026-06-22,3,3,2,7,3,Lost,2026-07-04,,2026-07-04,No response,54900,,
L1936,2026-06-22,3,5,3,7,3,Lost,2026-07-04,,2026-07-04,Budget too low,105300,,
L1937,2026-06-22,3,5,3,7,2,Lost,2026-06-28,,2026-06-28,Budget too low,90100,,
L1938,2026-06-22,4,4,2,7,3,Lost,2026-06-29,,2026-06-29,Not a fit,73200,,
L1939,2026-06-22,6,1,1,7,2,Lost,2026-07-01,,2026-07-01,Budget too low,18800,,
L1940,2026-06-22,3,3,3,7,2,Lost,2026-06-29,,2026-06-29,Not a fit,101900,,
L1941,2026-06-22,4,2,4,7,2,Lost,2026-06-29,,2026-06-29,Not a fit,152900,,
L1942,2026-06-22,1,5,2,7,2,Lost,2026-06-28,,2026-06-28,Budget too low,79700,,
L1943,2026-06-22,6,3,4,7,2,Lost,2026-06-27,,2026-06-27,Not a fit,187300,,
L1944,2026-06-22,5,3,1,7,2,Lost,2026-07-01,,2026-07-01,No response,20500,,
L1945,2026-06-23,6,3,2,7,3,Lost,2026-07-08,,2026-07-08,No response,62100,,
L1946,2026-06-23,5,3,2,7,5,Lost,2026-07-20,,2026-07-20,Postponed decision,71200,,
L1947,2026-06-23,1,5,2,7,2,Lost,2026-07-01,,2026-07-01,Not a fit,48100,,
L1948,2026-06-23,2,3,1,7,2,Lost,2026-07-01,,2026-07-01,No response,18800,,
L1949,2026-06-23,5,2,1,6,6,Won,2026-07-16,2026-07-16,,,27300,24500,23
L1950,2026-06-23,2,3,1,7,2,Lost,2026-06-26,,2026-06-26,Not a fit,16800,,
L1951,2026-06-23,5,5,3,7,3,Lost,2026-07-03,,2026-07-03,Not a fit,130900,,
L1952,2026-06-23,3,4,3,7,3,Lost,2026-07-11,,2026-07-11,Not a fit,110200,,
L1953,2026-06-23,2,1,3,6,6,Won,2026-07-23,2026-07-23,,,115200,102800,30
L1954,2026-06-23,5,4,2,7,5,Lost,2026-07-15,,2026-07-15,Postponed decision,73500,,
L1955,2026-06-24,5,3,2,7,5,Lost,2026-07-16,,2026-07-16,Went with competitor,57600,,
L1956,2026-06-24,2,3,2,7,4,Lost,2026-07-13,,2026-07-13,Went with competitor,78600,,
L1957,2026-06-24,5,2,3,7,3,Lost,2026-07-04,,2026-07-04,Not a fit,167100,,
L1958,2026-06-24,4,2,3,7,2,Lost,2026-07-01,,2026-07-01,No response,108200,,
L1959,2026-06-24,2,1,1,7,4,Lost,2026-07-16,,2026-07-16,Price too high,19700,,
L1960,2026-06-24,4,5,2,7,2,Lost,2026-07-03,,2026-07-03,No response,45300,,
L1961,2026-06-24,2,2,2,7,1,Lost,2026-06-30,,2026-06-30,No response,41600,,
L1962,2026-06-24,3,2,1,7,2,Lost,2026-06-27,,2026-06-27,Not a fit,18400,,
L1963,2026-06-24,6,4,2,7,3,Lost,2026-07-10,,2026-07-10,Budget too low,79900,,
L1964,2026-06-24,5,3,3,7,3,Lost,2026-07-07,,2026-07-07,Budget too low,113700,,
L1965,2026-06-24,1,5,3,7,2,Lost,2026-07-05,,2026-07-05,Budget too low,138200,,
L1966,2026-06-25,2,1,2,7,1,Lost,2026-06-26,,2026-06-26,No response,57500,,
L1967,2026-06-25,1,4,2,7,2,Lost,2026-07-02,,2026-07-02,Not a fit,42300,,
L1968,2026-06-25,3,1,3,7,1,Lost,2026-06-27,,2026-06-27,No response,134200,,
L1969,2026-06-25,4,3,2,7,3,Lost,2026-07-11,,2026-07-11,Budget too low,67000,,
L1970,2026-06-25,1,3,2,7,3,Lost,2026-07-06,,2026-07-06,No response,71000,,
L1971,2026-06-25,4,4,3,7,2,Lost,2026-07-03,,2026-07-03,Not a fit,119900,,
L1972,2026-06-25,4,2,3,6,6,Won,2026-07-19,2026-07-19,,,106500,105000,24
L1973,2026-06-25,1,5,1,7,3,Lost,2026-07-10,,2026-07-10,No response,20600,,
L1974,2026-06-25,1,5,2,7,3,Lost,2026-07-10,,2026-07-10,No response,61400,,
L1975,2026-06-25,3,4,1,7,5,Lost,2026-07-21,,2026-07-21,Postponed decision,15600,,
L1976,2026-06-25,3,4,3,7,2,Lost,2026-06-28,,2026-06-28,Not a fit,175000,,
L1977,2026-06-26,1,4,1,7,2,Lost,2026-07-06,,2026-07-06,Budget too low,15900,,
L1978,2026-06-26,1,5,1,7,2,Lost,2026-07-05,,2026-07-05,Budget too low,24800,,
L1979,2026-06-26,1,3,1,7,5,Lost,2026-07-22,,2026-07-22,Postponed decision,26500,,
L1980,2026-06-26,1,1,1,7,5,Lost,2026-07-23,,2026-07-23,Postponed decision,16300,,
L1981,2026-06-26,6,5,2,7,2,Lost,2026-06-29,,2026-06-29,No response,68000,,
L1982,2026-06-26,4,4,1,7,3,Lost,2026-07-10,,2026-07-10,Not a fit,24600,,
L1983,2026-06-26,5,3,4,6,6,Won,2026-07-25,2026-07-25,,,230400,226000,29
L1984,2026-06-26,1,4,1,7,2,Lost,2026-07-03,,2026-07-03,No response,15200,,
L1985,2026-06-26,4,1,1,7,2,Lost,2026-07-04,,2026-07-04,Budget too low,26900,,
L1986,2026-06-26,7,4,1,7,2,Lost,2026-07-01,,2026-07-01,Budget too low,19300,,
L1987,2026-06-27,3,1,2,7,3,Lost,2026-07-11,,2026-07-11,Not a fit,44400,,
L1988,2026-06-27,3,1,2,7,2,Lost,2026-06-30,,2026-06-30,Not a fit,60100,,
L1989,2026-06-27,6,3,4,7,4,Lost,2026-07-13,,2026-07-13,Price too high,220000,,
L1990,2026-06-27,6,5,2,7,3,Lost,2026-07-08,,2026-07-08,Not a fit,62300,,
L1991,2026-06-27,2,2,4,1,1,Open,2026-06-27,,,,286900,,
L1992,2026-06-28,1,1,3,7,3,Lost,2026-07-14,,2026-07-14,Budget too low,159200,,
L1993,2026-06-28,2,5,2,7,2,Lost,2026-07-08,,2026-07-08,No response,76400,,
L1994,2026-06-28,3,3,1,7,1,Lost,2026-07-02,,2026-07-02,No response,19300,,
L1995,2026-06-28,2,1,2,7,2,Lost,2026-07-04,,2026-07-04,No response,52000,,
L1996,2026-06-29,7,4,3,7,4,Lost,2026-07-19,,2026-07-19,Postponed decision,131500,,
L1997,2026-06-29,4,5,2,7,5,Lost,2026-08-03,,2026-08-03,Postponed decision,58500,,
L1998,2026-06-29,2,5,2,7,2,Lost,2026-07-04,,2026-07-04,Budget too low,77700,,
L1999,2026-06-29,3,2,2,7,4,Lost,2026-07-24,,2026-07-24,Price too high,63000,,
L2000,2026-06-29,4,1,1,6,6,Won,2026-07-24,2026-07-24,,,15100,13600,25
L2001,2026-06-29,2,5,1,7,2,Lost,2026-07-02,,2026-07-02,Budget too low,28200,,
L2002,2026-06-29,3,3,2,7,1,Lost,2026-07-05,,2026-07-05,Not a fit,76100,,
L2003,2026-06-29,1,1,1,7,2,Lost,2026-07-04,,2026-07-04,Budget too low,20700,,
L2004,2026-06-29,3,4,3,7,2,Lost,2026-07-05,,2026-07-05,No response,177300,,
L2005,2026-06-29,1,5,1,7,2,Lost,2026-07-08,,2026-07-08,No response,20900,,
L2006,2026-06-29,2,4,1,6,6,Won,2026-07-16,2026-07-16,,,28400,26500,17
L2007,2026-06-29,1,4,2,7,4,Lost,2026-07-21,,2026-07-21,Went with competitor,53300,,
L2008,2026-06-30,2,5,3,7,2,Lost,2026-07-06,,2026-07-06,Not a fit,160600,,
L2009,2026-06-30,2,1,4,7,5,Lost,2026-07-16,,2026-07-16,Price too high,333800,,
L2010,2026-06-30,4,3,3,7,1,Lost,2026-07-06,,2026-07-06,Not a fit,145600,,
L2011,2026-06-30,4,3,3,6,6,Won,2026-07-23,2026-07-23,,,99500,93900,23
L2012,2026-06-30,3,2,3,7,4,Lost,2026-07-12,,2026-07-12,Postponed decision,134600,,
L2013,2026-06-30,7,1,3,7,2,Lost,2026-07-07,,2026-07-07,Budget too low,96800,,
L2014,2026-06-30,2,4,2,7,2,Lost,2026-07-09,,2026-07-09,Budget too low,51400,,
L2015,2026-06-30,2,2,1,6,6,Won,2026-07-29,2026-07-29,,,15900,15100,29
L2016,2026-06-30,7,5,1,7,2,Lost,2026-07-09,,2026-07-09,Not a fit,27600,,
L2017,2026-06-30,3,2,1,7,5,Lost,2026-07-29,,2026-07-29,Went with competitor,17600,,
L2018,2026-07-01,2,1,2,6,6,Won,2026-07-28,2026-07-28,,,72700,65600,27
L2019,2026-07-01,3,4,2,7,2,Lost,2026-07-08,,2026-07-08,Budget too low,77900,,
L2020,2026-07-01,3,3,1,7,2,Lost,2026-07-06,,2026-07-06,Not a fit,22800,,
L2021,2026-07-01,4,5,2,7,2,Lost,2026-07-10,,2026-07-10,Not a fit,44900,,
L2022,2026-07-01,3,4,1,7,1,Lost,2026-07-03,,2026-07-03,Budget too low,21700,,
L2023,2026-07-01,1,3,2,7,2,Lost,2026-07-07,,2026-07-07,No response,76100,,
L2024,2026-07-01,7,5,4,7,3,Lost,2026-07-18,,2026-07-18,Not a fit,195800,,
L2025,2026-07-01,5,5,1,7,2,Lost,2026-07-09,,2026-07-09,Not a fit,22900,,
L2026,2026-07-01,4,3,3,7,2,Lost,2026-07-12,,2026-07-12,No response,95300,,
L2027,2026-07-01,5,3,2,7,3,Lost,2026-07-10,,2026-07-10,No response,52600,,
L2028,2026-07-01,3,5,1,7,5,Lost,2026-07-21,,2026-07-21,Went with competitor,26900,,
L2029,2026-07-01,1,3,2,6,6,Won,2026-07-30,2026-07-30,,,47900,44000,29
L2030,2026-07-01,6,1,2,7,2,Lost,2026-07-08,,2026-07-08,Not a fit,53000,,
L2031,2026-07-02,1,1,1,6,6,Won,2026-07-28,2026-07-28,,,16500,14700,26
L2032,2026-07-02,1,2,1,7,4,Lost,2026-07-15,,2026-07-15,Price too high,28700,,
L2033,2026-07-02,3,3,2,7,2,Lost,2026-07-13,,2026-07-13,Not a fit,65400,,
L2034,2026-07-02,3,1,1,7,2,Lost,2026-07-11,,2026-07-11,Budget too low,15500,,
L2035,2026-07-02,6,2,2,1,1,Open,2026-07-02,,,,46100,,
L2036,2026-07-02,4,5,1,7,5,Lost,2026-08-01,,2026-08-01,Price too high,23300,,
L2037,2026-07-02,1,1,2,7,3,Lost,2026-07-15,,2026-07-15,Not a fit,44300,,
L2038,2026-07-02,2,1,2,7,4,Lost,2026-07-21,,2026-07-21,Went with competitor,49200,,
L2039,2026-07-02,7,5,3,7,3,Lost,2026-07-11,,2026-07-11,Budget too low,172900,,
L2040,2026-07-02,1,1,4,7,3,Lost,2026-07-12,,2026-07-12,Budget too low,336000,,
L2041,2026-07-02,6,1,1,7,4,Lost,2026-07-13,,2026-07-13,Went with competitor,24800,,
L2042,2026-07-03,4,4,3,7,2,Lost,2026-07-07,,2026-07-07,No response,142200,,
L2043,2026-07-03,1,4,2,7,2,Lost,2026-07-12,,2026-07-12,Budget too low,41200,,
L2044,2026-07-03,1,3,3,7,3,Lost,2026-07-10,,2026-07-10,No response,154700,,
L2045,2026-07-03,6,4,2,7,4,Lost,2026-07-28,,2026-07-28,Postponed decision,68100,,
L2046,2026-07-03,1,3,2,7,2,Lost,2026-07-12,,2026-07-12,Not a fit,63200,,
L2047,2026-07-03,4,4,2,7,2,Lost,2026-07-09,,2026-07-09,Budget too low,57300,,
L2048,2026-07-03,6,2,3,7,2,Lost,2026-07-15,,2026-07-15,No response,120900,,
L2049,2026-07-03,6,5,1,7,2,Lost,2026-07-10,,2026-07-10,Budget too low,27200,,
L2050,2026-07-03,1,1,2,7,5,Lost,2026-07-31,,2026-07-31,Price too high,50200,,
L2051,2026-07-03,1,4,1,7,2,Lost,2026-07-14,,2026-07-14,Not a fit,25400,,
L2052,2026-07-03,1,1,2,7,2,Lost,2026-07-07,,2026-07-07,No response,52300,,
L2053,2026-07-03,1,1,1,6,6,Won,2026-08-02,2026-08-02,,,18100,17900,30
L2054,2026-07-04,4,5,1,7,2,Lost,2026-07-11,,2026-07-11,Not a fit,22400,,
L2055,2026-07-04,5,1,2,7,2,Lost,2026-07-11,,2026-07-11,No response,63500,,
L2056,2026-07-04,3,5,1,7,1,Lost,2026-07-10,,2026-07-10,Not a fit,18700,,
L2057,2026-07-04,2,3,1,7,3,Lost,2026-07-13,,2026-07-13,Budget too low,29800,,
L2058,2026-07-04,6,1,4,7,2,Lost,2026-07-13,,2026-07-13,No response,238900,,
L2059,2026-07-04,2,1,2,7,3,Lost,2026-07-16,,2026-07-16,No response,59600,,
L2060,2026-07-05,1,2,3,6,6,Won,2026-07-25,2026-07-25,,,93900,88500,20
L2061,2026-07-05,4,5,1,7,4,Lost,2026-07-23,,2026-07-23,Price too high,22100,,
L2062,2026-07-05,1,2,1,7,1,Lost,2026-07-11,,2026-07-11,Not a fit,17800,,
L2063,2026-07-05,3,4,1,6,6,Won,2026-07-31,2026-07-31,,,26800,26400,26
L2064,2026-07-05,1,2,3,7,3,Lost,2026-07-21,,2026-07-21,No response,162100,,
L2065,2026-07-05,1,2,3,7,3,Lost,2026-07-22,,2026-07-22,Not a fit,103100,,
L2066,2026-07-06,7,3,2,7,2,Lost,2026-07-15,,2026-07-15,Not a fit,70100,,
L2067,2026-07-06,2,5,3,7,2,Lost,2026-07-14,,2026-07-14,Budget too low,110200,,
L2068,2026-07-06,1,5,2,7,2,Lost,2026-07-12,,2026-07-12,No response,59900,,
L2069,2026-07-06,5,1,2,7,2,Lost,2026-07-12,,2026-07-12,Not a fit,55700,,
L2070,2026-07-06,3,4,3,7,1,Lost,2026-07-11,,2026-07-11,Budget too low,165600,,
L2071,2026-07-06,3,5,1,7,3,Lost,2026-07-16,,2026-07-16,Budget too low,20100,,
L2072,2026-07-06,3,3,4,7,4,Lost,2026-07-22,,2026-07-22,Price too high,214800,,
L2073,2026-07-06,5,3,1,7,3,Lost,2026-07-22,,2026-07-22,No response,25300,,
L2074,2026-07-06,3,3,1,7,4,Lost,2026-07-27,,2026-07-27,Went with competitor,24700,,
L2075,2026-07-06,1,2,3,7,3,Lost,2026-07-24,,2026-07-24,Not a fit,112900,,
L2076,2026-07-06,3,4,2,7,4,Lost,2026-07-14,,2026-07-14,Postponed decision,52500,,
L2077,2026-07-06,2,1,3,1,1,Open,2026-07-06,,,,141000,,
L2078,2026-07-06,2,5,3,7,2,Lost,2026-07-11,,2026-07-11,Not a fit,115600,,
L2079,2026-07-07,3,3,3,7,3,Lost,2026-07-19,,2026-07-19,No response,105500,,
L2080,2026-07-07,1,4,1,7,5,Lost,2026-07-25,,2026-07-25,Went with competitor,21900,,
L2081,2026-07-07,6,4,1,6,6,Won,2026-08-10,2026-08-10,,,26500,24600,34
L2082,2026-07-07,1,3,2,7,2,Lost,2026-07-10,,2026-07-10,Budget too low,50000,,
L2083,2026-07-07,2,1,2,7,2,Lost,2026-07-14,,2026-07-14,Not a fit,72000,,
L2084,2026-07-07,1,3,1,7,2,Lost,2026-07-15,,2026-07-15,Budget too low,19000,,
L2085,2026-07-07,3,2,3,7,2,Lost,2026-07-10,,2026-07-10,Budget too low,178100,,
L2086,2026-07-07,1,1,2,6,6,Won,2026-07-27,2026-07-27,,,50200,47000,20
L2087,2026-07-07,2,2,1,7,2,Lost,2026-07-16,,2026-07-16,No response,27100,,
L2088,2026-07-07,3,4,2,7,1,Lost,2026-07-12,,2026-07-12,No response,54800,,
L2089,2026-07-07,5,3,3,7,3,Lost,2026-07-16,,2026-07-16,No response,159000,,
L2090,2026-07-07,6,3,2,7,2,Lost,2026-07-11,,2026-07-11,No response,51200,,
L2091,2026-07-08,1,4,1,7,2,Lost,2026-07-17,,2026-07-17,Budget too low,19300,,
L2092,2026-07-08,3,5,2,7,3,Lost,2026-07-22,,2026-07-22,No response,64200,,
L2093,2026-07-08,1,3,3,7,5,Lost,2026-07-28,,2026-07-28,Went with competitor,100400,,
L2094,2026-07-08,2,2,1,7,2,Lost,2026-07-15,,2026-07-15,Not a fit,18400,,
L2095,2026-07-08,1,1,1,7,2,Lost,2026-07-13,,2026-07-13,Budget too low,17200,,
L2096,2026-07-08,6,1,2,7,3,Lost,2026-07-22,,2026-07-22,No response,54200,,
L2097,2026-07-08,1,1,1,7,5,Lost,2026-07-31,,2026-07-31,Went with competitor,25700,,
L2098,2026-07-08,2,5,1,7,2,Lost,2026-07-15,,2026-07-15,Not a fit,26700,,
L2099,2026-07-08,2,4,3,7,3,Lost,2026-07-16,,2026-07-16,No response,147200,,
L2100,2026-07-08,2,2,2,7,5,Lost,2026-07-24,,2026-07-24,Went with competitor,73000,,
L2101,2026-07-08,1,4,3,7,2,Lost,2026-07-14,,2026-07-14,Budget too low,120800,,
L2102,2026-07-09,2,3,2,7,2,Lost,2026-07-19,,2026-07-19,No response,66700,,
L2103,2026-07-09,1,1,2,7,4,Lost,2026-07-27,,2026-07-27,Price too high,50900,,
L2104,2026-07-09,6,2,2,7,4,Lost,2026-07-24,,2026-07-24,Price too high,46100,,
L2105,2026-07-09,2,4,1,7,2,Lost,2026-07-16,,2026-07-16,Not a fit,22100,,
L2106,2026-07-09,3,4,2,7,5,Lost,2026-07-26,,2026-07-26,Postponed decision,49400,,
L2107,2026-07-09,4,1,1,6,6,Won,2026-07-25,2026-07-25,,,17700,17300,16
L2108,2026-07-09,1,2,3,6,6,Won,2026-08-06,2026-08-06,,,164200,156400,28
L2109,2026-07-09,4,1,2,6,6,Won,2026-08-10,2026-08-10,,,53500,48100,32
L2110,2026-07-09,1,5,3,7,2,Lost,2026-07-14,,2026-07-14,Budget too low,103300,,
L2111,2026-07-09,1,4,2,6,6,Won,2026-08-05,2026-08-05,,,44900,43900,27
L2112,2026-07-09,3,4,3,6,6,Won,2026-08-04,2026-08-04,,,167600,165300,26
L2113,2026-07-09,2,5,2,6,6,Won,2026-08-13,2026-08-13,,,51100,47400,35
L2114,2026-07-09,3,5,2,6,6,Won,2026-08-10,2026-08-10,,,64500,63600,32
L2115,2026-07-10,6,5,2,7,2,Lost,2026-07-18,,2026-07-18,No response,76900,,
L2116,2026-07-10,4,5,1,7,3,Lost,2026-07-16,,2026-07-16,Not a fit,19000,,
L2117,2026-07-10,3,5,4,7,2,Lost,2026-07-19,,2026-07-19,Budget too low,153300,,
L2118,2026-07-10,1,5,1,7,2,Lost,2026-07-15,,2026-07-15,Not a fit,24900,,
L2119,2026-07-10,1,2,1,7,1,Lost,2026-07-12,,2026-07-12,No response,21400,,
L2120,2026-07-10,1,3,1,7,5,Lost,2026-08-03,,2026-08-03,Price too high,19400,,
L2121,2026-07-10,7,1,3,7,4,Lost,2026-07-29,,2026-07-29,Went with competitor,161500,,
L2122,2026-07-10,5,3,1,7,2,Lost,2026-07-18,,2026-07-18,No response,27100,,
L2123,2026-07-10,7,2,1,7,3,Lost,2026-07-29,,2026-07-29,Not a fit,17400,,
L2124,2026-07-10,1,5,3,7,2,Lost,2026-07-21,,2026-07-21,Budget too low,126200,,
L2125,2026-07-11,6,4,2,7,3,Lost,2026-07-20,,2026-07-20,Not a fit,58300,,
L2126,2026-07-11,4,4,3,7,2,Lost,2026-07-20,,2026-07-20,No response,90700,,
L2127,2026-07-11,3,4,2,7,4,Lost,2026-07-30,,2026-07-30,Postponed decision,79800,,
L2128,2026-07-11,7,2,2,7,2,Lost,2026-07-15,,2026-07-15,Not a fit,72600,,
L2129,2026-07-11,1,3,3,7,2,Lost,2026-07-16,,2026-07-16,Budget too low,126600,,
L2130,2026-07-12,3,1,2,7,4,Lost,2026-08-04,,2026-08-04,Price too high,43800,,
L2131,2026-07-12,5,5,4,6,6,Won,2026-08-02,2026-08-02,,,324100,303800,21
L2132,2026-07-12,3,3,2,7,3,Lost,2026-07-23,,2026-07-23,No response,44300,,
L2133,2026-07-12,3,2,1,7,5,Lost,2026-08-10,,2026-08-10,Went with competitor,29400,,
L2134,2026-07-12,2,4,4,7,2,Lost,2026-07-16,,2026-07-16,Not a fit,232300,,
L2135,2026-07-12,4,4,1,7,2,Lost,2026-07-20,,2026-07-20,Budget too low,16700,,
L2136,2026-07-12,1,2,1,7,4,Lost,2026-07-28,,2026-07-28,Price too high,15600,,
L2137,2026-07-13,3,2,3,7,1,Lost,2026-07-16,,2026-07-16,Not a fit,160700,,
L2138,2026-07-13,4,3,2,7,2,Lost,2026-07-21,,2026-07-21,Budget too low,48100,,
L2139,2026-07-13,2,4,4,7,2,Lost,2026-07-18,,2026-07-18,Budget too low,237500,,
L2140,2026-07-13,2,4,1,7,3,Lost,2026-07-26,,2026-07-26,Not a fit,19300,,
L2141,2026-07-13,1,3,3,7,2,Lost,2026-07-18,,2026-07-18,Budget too low,176700,,
L2142,2026-07-13,3,2,4,7,3,Lost,2026-07-30,,2026-07-30,Budget too low,260300,,
L2143,2026-07-13,2,1,2,7,2,Lost,2026-07-22,,2026-07-22,Budget too low,75400,,
L2144,2026-07-13,3,5,4,7,2,Lost,2026-07-20,,2026-07-20,Not a fit,275500,,
L2145,2026-07-13,3,1,2,7,4,Lost,2026-08-03,,2026-08-03,Went with competitor,47500,,
L2146,2026-07-13,1,3,2,7,2,Lost,2026-07-18,,2026-07-18,No response,70400,,
L2147,2026-07-14,3,2,1,7,2,Lost,2026-07-19,,2026-07-19,Budget too low,28000,,
L2148,2026-07-14,3,2,1,7,3,Lost,2026-07-28,,2026-07-28,No response,18200,,
L2149,2026-07-14,2,2,2,7,4,Lost,2026-08-02,,2026-08-02,Went with competitor,43700,,
L2150,2026-07-14,5,2,3,7,3,Lost,2026-07-29,,2026-07-29,Budget too low,169900,,
L2151,2026-07-14,4,1,3,6,6,Won,2026-08-08,2026-08-08,,,178300,159800,25
L2152,2026-07-14,1,2,2,3,3,Open,2026-07-22,,,,70300,,
L2153,2026-07-14,2,5,1,7,4,Lost,2026-07-31,,2026-07-31,Postponed decision,27600,,
L2154,2026-07-14,7,5,3,7,2,Lost,2026-07-23,,2026-07-23,No response,172500,,
L2155,2026-07-14,7,4,1,7,2,Lost,2026-07-23,,2026-07-23,No response,27600,,
L2156,2026-07-14,1,3,2,7,5,Lost,2026-08-01,,2026-08-01,Price too high,61400,,
L2157,2026-07-14,6,5,3,7,5,Lost,2026-08-15,,2026-08-15,Price too high,138900,,
L2158,2026-07-14,4,1,2,7,2,Lost,2026-07-23,,2026-07-23,Budget too low,65000,,
L2159,2026-07-15,1,1,3,7,2,Lost,2026-07-27,,2026-07-27,Budget too low,159800,,
L2160,2026-07-15,1,2,2,7,2,Lost,2026-07-26,,2026-07-26,Budget too low,72200,,
L2161,2026-07-15,1,2,4,6,6,Won,2026-08-08,2026-08-08,,,212600,208100,24
L2162,2026-07-15,2,5,3,6,6,Won,2026-08-12,2026-08-12,,,118300,109500,28
L2163,2026-07-15,1,4,1,7,2,Lost,2026-07-21,,2026-07-21,Budget too low,19000,,
L2164,2026-07-15,2,1,2,7,2,Lost,2026-07-24,,2026-07-24,Budget too low,41600,,
L2165,2026-07-15,2,1,3,7,2,Lost,2026-07-23,,2026-07-23,No response,160100,,
L2166,2026-07-15,6,3,3,6,6,Won,2026-08-09,2026-08-09,,,101200,89800,25
L2167,2026-07-15,2,2,2,7,2,Lost,2026-07-26,,2026-07-26,Budget too low,45700,,
L2168,2026-07-15,5,4,1,6,6,Won,2026-08-17,2026-08-17,,,15300,15200,33
L2169,2026-07-15,2,3,3,7,2,Lost,2026-07-22,,2026-07-22,Not a fit,93800,,
L2170,2026-07-16,1,1,2,7,3,Lost,2026-07-29,,2026-07-29,Not a fit,58800,,
L2171,2026-07-16,2,5,2,7,1,Lost,2026-07-22,,2026-07-22,Not a fit,73200,,
L2172,2026-07-16,4,1,2,7,4,Lost,2026-08-07,,2026-08-07,Price too high,53600,,
L2173,2026-07-16,2,2,3,7,2,Lost,2026-07-28,,2026-07-28,No response,162500,,
L2174,2026-07-16,3,5,4,7,2,Lost,2026-07-26,,2026-07-26,No response,198200,,
L2175,2026-07-16,1,4,3,7,2,Lost,2026-07-24,,2026-07-24,No response,155100,,
L2176,2026-07-16,3,5,3,7,5,Lost,2026-08-12,,2026-08-12,Price too high,160100,,
L2177,2026-07-16,4,3,2,7,2,Lost,2026-07-25,,2026-07-25,No response,68100,,
L2178,2026-07-16,6,2,2,7,2,Lost,2026-07-18,,2026-07-18,Budget too low,64400,,
L2179,2026-07-16,5,3,1,6,6,Won,2026-08-08,2026-08-08,,,19400,17700,23
L2180,2026-07-16,2,1,1,7,2,Lost,2026-07-26,,2026-07-26,No response,29000,,
L2181,2026-07-16,5,1,3,7,3,Lost,2026-07-29,,2026-07-29,Not a fit,120400,,
L2182,2026-07-16,5,1,4,7,5,Lost,2026-07-29,,2026-07-29,Price too high,338800,,
L2183,2026-07-16,2,3,2,7,2,Lost,2026-07-24,,2026-07-24,Not a fit,72700,,
L2184,2026-07-17,1,2,4,7,3,Lost,2026-08-01,,2026-08-01,Not a fit,316300,,
L2185,2026-07-17,2,4,3,7,2,Lost,2026-07-24,,2026-07-24,Budget too low,172100,,
L2186,2026-07-17,4,1,1,7,2,Lost,2026-07-21,,2026-07-21,Budget too low,20600,,
L2187,2026-07-17,4,3,1,7,1,Lost,2026-07-21,,2026-07-21,Budget too low,17700,,
L2188,2026-07-17,5,4,3,7,2,Lost,2026-07-27,,2026-07-27,Budget too low,153600,,
L2189,2026-07-17,2,5,2,6,6,Won,2026-08-12,2026-08-12,,,70400,62800,26
L2190,2026-07-17,1,5,3,7,1,Lost,2026-07-19,,2026-07-19,No response,141300,,
L2191,2026-07-17,1,2,1,6,6,Won,2026-08-06,2026-08-06,,,17100,15400,20
L2192,2026-07-17,1,5,4,7,2,Lost,2026-07-22,,2026-07-22,Budget too low,294900,,
L2193,2026-07-17,1,5,3,7,5,Lost,2026-08-15,,2026-08-15,Went with competitor,165200,,
L2194,2026-07-17,4,1,3,7,4,Lost,2026-08-04,,2026-08-04,Postponed decision,124400,,
L2195,2026-07-17,2,3,4,7,3,Lost,2026-07-27,,2026-07-27,Not a fit,300100,,
L2196,2026-07-18,4,1,3,7,2,Lost,2026-07-25,,2026-07-25,Not a fit,164900,,
L2197,2026-07-18,6,4,1,6,6,Won,2026-08-12,2026-08-12,,,15800,15100,25
L2198,2026-07-18,6,3,1,7,2,Lost,2026-07-28,,2026-07-28,Budget too low,21100,,
L2199,2026-07-19,1,3,1,7,2,Lost,2026-07-30,,2026-07-30,No response,28400,,
L2200,2026-07-19,4,4,2,7,2,Lost,2026-07-28,,2026-07-28,Not a fit,63900,,
L2201,2026-07-19,6,1,4,7,2,Lost,2026-07-24,,2026-07-24,Budget too low,263100,,
L2202,2026-07-19,3,1,4,7,1,Lost,2026-07-20,,2026-07-20,Not a fit,189700,,
L2203,2026-07-19,2,2,1,7,3,Lost,2026-07-28,,2026-07-28,No response,28700,,
L2204,2026-07-19,3,1,2,7,1,Lost,2026-07-24,,2026-07-24,Not a fit,48800,,
L2205,2026-07-19,1,4,2,7,3,Lost,2026-07-29,,2026-07-29,No response,79100,,
L2206,2026-07-20,6,3,1,7,1,Lost,2026-07-21,,2026-07-21,No response,28000,,
L2207,2026-07-20,2,3,4,7,3,Lost,2026-08-06,,2026-08-06,Not a fit,197300,,
L2208,2026-07-20,4,2,4,7,2,Lost,2026-07-31,,2026-07-31,No response,165000,,
L2209,2026-07-20,1,2,1,7,2,Lost,2026-07-29,,2026-07-29,Budget too low,29000,,
L2210,2026-07-20,3,2,3,7,4,Lost,2026-08-15,,2026-08-15,Price too high,168000,,
L2211,2026-07-20,3,5,2,7,2,Lost,2026-07-25,,2026-07-25,Not a fit,65500,,
L2212,2026-07-20,1,4,2,2,2,Open,2026-07-21,,,,72300,,
L2213,2026-07-20,3,1,2,7,2,Lost,2026-07-27,,2026-07-27,Budget too low,46800,,
L2214,2026-07-20,2,3,2,7,2,Lost,2026-07-24,,2026-07-24,No response,57900,,
L2215,2026-07-20,1,5,1,7,1,Lost,2026-07-25,,2026-07-25,Budget too low,23500,,
L2216,2026-07-20,3,3,1,7,2,Lost,2026-07-27,,2026-07-27,No response,24400,,
L2217,2026-07-20,6,1,4,7,2,Lost,2026-07-31,,2026-07-31,Budget too low,288400,,
L2218,2026-07-20,7,2,1,7,4,Lost,2026-08-12,,2026-08-12,Went with competitor,24100,,
L2219,2026-07-21,1,5,2,7,3,Lost,2026-08-03,,2026-08-03,Budget too low,55600,,
L2220,2026-07-21,7,4,2,7,2,Lost,2026-07-30,,2026-07-30,No response,59700,,
L2221,2026-07-21,6,2,1,7,2,Lost,2026-07-30,,2026-07-30,No response,23700,,
L2222,2026-07-21,2,2,2,7,2,Lost,2026-07-30,,2026-07-30,Not a fit,71700,,
L2223,2026-07-21,2,5,1,6,6,Won,2026-08-23,2026-08-23,,,21800,21300,33
L2224,2026-07-21,4,2,2,7,2,Lost,2026-07-30,,2026-07-30,No response,65400,,
L2225,2026-07-21,6,2,2,7,2,Lost,2026-07-23,,2026-07-23,Not a fit,76100,,
L2226,2026-07-21,1,3,3,6,6,Won,2026-08-17,2026-08-17,,,173900,167900,27
L2227,2026-07-21,2,1,4,7,1,Lost,2026-07-25,,2026-07-25,Budget too low,247900,,
L2228,2026-07-21,2,5,1,7,2,Lost,2026-07-30,,2026-07-30,Budget too low,22300,,
L2229,2026-07-21,6,5,1,7,2,Lost,2026-07-31,,2026-07-31,Not a fit,27500,,
L2230,2026-07-21,3,3,3,6,6,Won,2026-08-18,2026-08-18,,,97700,95900,28
L2231,2026-07-21,3,2,3,7,1,Lost,2026-07-22,,2026-07-22,Not a fit,130300,,
L2232,2026-07-21,7,2,2,7,3,Lost,2026-07-29,,2026-07-29,Budget too low,65700,,
L2233,2026-07-22,3,1,2,6,6,Won,2026-08-19,2026-08-19,,,73400,73000,28
L2234,2026-07-22,6,5,2,7,3,Lost,2026-08-04,,2026-08-04,Budget too low,71700,,
L2235,2026-07-22,2,3,3,7,3,Lost,2026-07-31,,2026-07-31,Budget too low,128000,,
L2236,2026-07-22,2,3,1,1,1,Open,2026-07-22,,,,29000,,
L2237,2026-07-22,1,2,3,7,3,Lost,2026-08-02,,2026-08-02,Not a fit,123500,,
L2238,2026-07-22,1,1,1,7,2,Lost,2026-07-30,,2026-07-30,Not a fit,22200,,
L2239,2026-07-22,2,5,2,7,2,Lost,2026-08-03,,2026-08-03,No response,55300,,
L2240,2026-07-22,2,4,3,7,2,Lost,2026-08-02,,2026-08-02,Budget too low,116300,,
L2241,2026-07-22,1,3,1,7,2,Lost,2026-07-29,,2026-07-29,No response,29200,,
L2242,2026-07-22,5,2,3,6,6,Won,2026-08-19,2026-08-19,,,101400,95700,28
L2243,2026-07-22,5,4,2,7,3,Lost,2026-08-06,,2026-08-06,Not a fit,43500,,
L2244,2026-07-22,1,2,3,7,2,Lost,2026-08-02,,2026-08-02,Not a fit,174800,,
L2245,2026-07-22,6,5,1,7,4,Lost,2026-08-09,,2026-08-09,Postponed decision,16500,,
L2246,2026-07-23,6,1,1,7,2,Lost,2026-08-01,,2026-08-01,No response,17600,,
L2247,2026-07-23,5,3,2,7,3,Lost,2026-08-01,,2026-08-01,Budget too low,63400,,
L2248,2026-07-23,1,5,4,7,5,Lost,2026-08-24,,2026-08-24,Postponed decision,203400,,
L2249,2026-07-23,1,4,2,7,3,Lost,2026-08-03,,2026-08-03,Not a fit,73900,,
L2250,2026-07-23,4,2,2,7,1,Lost,2026-07-28,,2026-07-28,Budget too low,75800,,
L2251,2026-07-23,2,2,1,7,2,Lost,2026-07-31,,2026-07-31,Budget too low,25100,,
L2252,2026-07-23,1,1,3,6,6,Won,2026-08-22,2026-08-22,,,113900,105600,30
L2253,2026-07-23,1,1,1,7,3,Lost,2026-08-08,,2026-08-08,No response,19200,,
L2254,2026-07-23,7,5,3,7,2,Lost,2026-07-31,,2026-07-31,Budget too low,168100,,
L2255,2026-07-23,2,1,1,7,2,Lost,2026-07-31,,2026-07-31,Budget too low,18000,,
L2256,2026-07-23,2,4,1,7,1,Lost,2026-07-28,,2026-07-28,No response,25300,,
L2257,2026-07-24,2,2,3,7,1,Lost,2026-07-30,,2026-07-30,Not a fit,100400,,
L2258,2026-07-24,2,2,1,7,4,Lost,2026-08-02,,2026-08-02,Postponed decision,24100,,
L2259,2026-07-24,5,5,3,7,5,Lost,2026-08-18,,2026-08-18,Price too high,173900,,
L2260,2026-07-24,1,3,1,7,2,Lost,2026-07-31,,2026-07-31,No response,16400,,
L2261,2026-07-24,3,3,4,7,2,Lost,2026-07-28,,2026-07-28,Not a fit,180000,,
L2262,2026-07-24,7,3,3,2,2,Open,2026-07-30,,,,165600,,
L2263,2026-07-24,7,5,2,7,2,Lost,2026-07-30,,2026-07-30,No response,45100,,
L2264,2026-07-24,1,2,2,7,3,Lost,2026-08-01,,2026-08-01,No response,54400,,
L2265,2026-07-24,1,4,4,6,6,Won,2026-08-05,2026-08-05,,,234500,210000,12
L2266,2026-07-24,6,5,2,7,1,Lost,2026-07-27,,2026-07-27,No response,76000,,
L2267,2026-07-24,5,1,1,7,2,Lost,2026-07-29,,2026-07-29,Not a fit,25700,,
L2268,2026-07-25,5,4,2,7,3,Lost,2026-08-02,,2026-08-02,Not a fit,75700,,
L2269,2026-07-25,3,1,1,7,2,Lost,2026-07-27,,2026-07-27,Budget too low,27200,,
L2270,2026-07-25,1,2,1,7,2,Lost,2026-08-02,,2026-08-02,No response,28700,,
L2271,2026-07-25,3,4,2,7,3,Lost,2026-08-05,,2026-08-05,Budget too low,61800,,
L2272,2026-07-25,1,1,1,6,6,Won,2026-08-19,2026-08-19,,,15600,15000,25
L2273,2026-07-25,1,5,2,7,2,Lost,2026-08-04,,2026-08-04,Not a fit,54000,,
L2274,2026-07-25,1,1,2,7,2,Lost,2026-07-31,,2026-07-31,Not a fit,53400,,
L2275,2026-07-26,6,4,3,7,4,Lost,2026-08-16,,2026-08-16,Postponed decision,97100,,
L2276,2026-07-26,3,1,3,7,4,Lost,2026-08-10,,2026-08-10,Postponed decision,94600,,
L2277,2026-07-26,5,3,2,7,3,Lost,2026-08-04,,2026-08-04,Not a fit,52600,,
L2278,2026-07-26,4,5,3,7,2,Lost,2026-08-02,,2026-08-02,No response,173600,,
L2279,2026-07-26,3,4,2,7,2,Lost,2026-08-04,,2026-08-04,No response,72500,,
L2280,2026-07-27,1,4,2,7,2,Lost,2026-08-05,,2026-08-05,Budget too low,49900,,
L2281,2026-07-27,3,3,2,6,6,Won,2026-08-21,2026-08-21,,,76500,71100,25
L2282,2026-07-27,6,1,2,7,1,Lost,2026-08-01,,2026-08-01,No response,66400,,
L2283,2026-07-27,1,5,2,7,3,Lost,2026-08-04,,2026-08-04,Budget too low,63800,,
L2284,2026-07-27,3,5,4,7,1,Lost,2026-07-28,,2026-07-28,Not a fit,335600,,
L2285,2026-07-27,6,3,2,6,6,Won,2026-08-27,2026-08-27,,,46400,43200,31
L2286,2026-07-27,2,1,3,7,2,Lost,2026-08-02,,2026-08-02,Budget too low,106200,,
L2287,2026-07-27,1,2,2,7,2,Lost,2026-08-03,,2026-08-03,Budget too low,60000,,
L2288,2026-07-27,1,4,2,7,2,Lost,2026-08-01,,2026-08-01,No response,80000,,
L2289,2026-07-27,4,3,4,7,2,Lost,2026-08-02,,2026-08-02,No response,167700,,
L2290,2026-07-27,3,5,2,7,2,Lost,2026-08-03,,2026-08-03,Not a fit,53300,,
L2291,2026-07-27,1,1,3,6,6,Won,2026-08-22,2026-08-22,,,173400,154700,26
L2292,2026-07-28,1,3,2,7,2,Lost,2026-08-05,,2026-08-05,No response,49700,,
L2293,2026-07-28,2,4,2,6,6,Won,2026-08-26,2026-08-26,,,60100,54400,29
L2294,2026-07-28,5,5,3,7,2,Lost,2026-08-05,,2026-08-05,No response,179500,,
L2295,2026-07-28,4,1,1,7,2,Lost,2026-07-30,,2026-07-30,Not a fit,22100,,
L2296,2026-07-28,3,1,2,7,4,Lost,2026-08-10,,2026-08-10,Went with competitor,71200,,
L2297,2026-07-28,1,5,2,7,5,Lost,2026-08-27,,2026-08-27,Went with competitor,73800,,
L2298,2026-07-28,6,2,1,7,2,Lost,2026-08-04,,2026-08-04,Budget too low,16200,,
L2299,2026-07-28,1,4,2,7,2,Lost,2026-08-04,,2026-08-04,Budget too low,77900,,
L2300,2026-07-28,2,5,2,7,3,Lost,2026-08-10,,2026-08-10,No response,52500,,
L2301,2026-07-28,1,5,1,7,2,Lost,2026-08-05,,2026-08-05,Not a fit,24000,,
L2302,2026-07-28,6,1,2,7,4,Lost,2026-08-24,,2026-08-24,Postponed decision,42800,,
L2303,2026-07-28,1,5,2,7,2,Lost,2026-08-06,,2026-08-06,Budget too low,53100,,
L2304,2026-07-28,2,2,1,7,2,Lost,2026-08-02,,2026-08-02,Not a fit,29600,,
L2305,2026-07-29,3,4,2,7,3,Lost,2026-08-14,,2026-08-14,Not a fit,56400,,
L2306,2026-07-29,3,1,2,7,1,Lost,2026-08-01,,2026-08-01,No response,71300,,
L2307,2026-07-29,5,5,1,7,2,Lost,2026-08-05,,2026-08-05,Budget too low,17000,,
L2308,2026-07-29,1,4,1,7,2,Lost,2026-08-06,,2026-08-06,No response,19300,,
L2309,2026-07-29,4,4,1,7,2,Lost,2026-08-05,,2026-08-05,Not a fit,17800,,
L2310,2026-07-29,4,4,1,7,4,Lost,2026-08-14,,2026-08-14,Went with competitor,17000,,
L2311,2026-07-29,3,5,2,1,1,Open,2026-07-29,,,,79700,,
L2312,2026-07-29,6,5,1,7,5,Lost,2026-08-20,,2026-08-20,Went with competitor,22100,,
L2313,2026-07-29,3,4,3,7,3,Lost,2026-08-09,,2026-08-09,Not a fit,166700,,
L2314,2026-07-29,2,4,1,7,4,Lost,2026-08-29,,2026-08-29,Price too high,23800,,
L2315,2026-07-29,3,3,2,7,4,Lost,2026-08-16,,2026-08-16,Price too high,70100,,
L2316,2026-07-29,1,2,1,7,2,Lost,2026-08-07,,2026-08-07,Budget too low,25700,,
L2317,2026-07-30,5,1,2,7,5,Lost,2026-08-24,,2026-08-24,Went with competitor,76000,,
L2318,2026-07-30,4,5,1,7,1,Lost,2026-08-03,,2026-08-03,No response,27700,,
L2319,2026-07-30,2,2,1,7,3,Lost,2026-08-10,,2026-08-10,Not a fit,24100,,
L2320,2026-07-30,1,1,2,7,2,Lost,2026-08-04,,2026-08-04,Not a fit,68600,,
L2321,2026-07-30,7,3,1,7,3,Lost,2026-08-14,,2026-08-14,Not a fit,28800,,
L2322,2026-07-30,3,2,2,7,2,Lost,2026-08-11,,2026-08-11,No response,71400,,
L2323,2026-07-30,4,1,1,7,2,Lost,2026-08-09,,2026-08-09,Budget too low,21800,,
L2324,2026-07-30,3,5,2,7,5,Lost,2026-08-24,,2026-08-24,Postponed decision,71100,,
L2325,2026-07-30,3,4,3,7,4,Lost,2026-08-14,,2026-08-14,Postponed decision,105800,,
L2326,2026-07-31,6,2,4,6,6,Won,2026-08-20,2026-08-20,,,263300,253600,20
L2327,2026-07-31,2,4,2,7,2,Lost,2026-08-12,,2026-08-12,Not a fit,41800,,
L2328,2026-07-31,1,5,1,7,2,Lost,2026-08-03,,2026-08-03,Not a fit,19400,,
L2329,2026-07-31,6,2,2,7,2,Lost,2026-08-06,,2026-08-06,No response,43400,,
L2330,2026-07-31,2,4,3,7,2,Lost,2026-08-02,,2026-08-02,Not a fit,143000,,
L2331,2026-07-31,6,1,2,7,5,Lost,2026-08-19,,2026-08-19,Went with competitor,72600,,
L2332,2026-07-31,6,3,3,7,1,Lost,2026-08-02,,2026-08-02,No response,153800,,
L2333,2026-07-31,5,5,1,7,3,Lost,2026-08-16,,2026-08-16,Not a fit,21000,,
L2334,2026-07-31,2,2,1,7,2,Lost,2026-08-09,,2026-08-09,No response,17100,,
L2335,2026-07-31,3,5,2,7,2,Lost,2026-08-11,,2026-08-11,Not a fit,62200,,
L2336,2026-07-31,5,1,2,6,6,Won,2026-08-23,2026-08-23,,,54800,54600,23
L2337,2026-08-01,3,5,3,2,2,Open,2026-08-02,,,,106800,,
L2338,2026-08-01,7,5,2,7,3,Lost,2026-08-09,,2026-08-09,No response,45600,,
L2339,2026-08-01,3,4,2,7,3,Lost,2026-08-17,,2026-08-17,Not a fit,71400,,
L2340,2026-08-01,2,2,1,7,2,Lost,2026-08-12,,2026-08-12,Not a fit,29100,,
L2341,2026-08-01,4,3,1,7,4,Lost,2026-08-13,,2026-08-13,Went with competitor,17000,,
L2342,2026-08-02,3,1,1,7,3,Lost,2026-08-15,,2026-08-15,Not a fit,21000,,
L2343,2026-08-02,7,5,1,6,6,Won,2026-09-05,2026-09-05,,,23400,23200,34
L2344,2026-08-02,3,3,1,7,4,Lost,2026-08-13,,2026-08-13,Postponed decision,16000,,
L2345,2026-08-02,1,2,2,7,5,Lost,2026-08-24,,2026-08-24,Went with competitor,69900,,
L2346,2026-08-02,6,1,3,7,4,Lost,2026-08-28,,2026-08-28,Went with competitor,141700,,
L2347,2026-08-03,2,5,1,7,2,Lost,2026-08-12,,2026-08-12,Budget too low,29300,,
L2348,2026-08-03,6,4,1,7,5,Lost,2026-08-27,,2026-08-27,Price too high,19700,,
L2349,2026-08-03,7,3,2,7,2,Lost,2026-08-09,,2026-08-09,Not a fit,61000,,
L2350,2026-08-03,6,5,2,7,2,Lost,2026-08-11,,2026-08-11,Budget too low,69800,,
L2351,2026-08-03,3,5,1,7,1,Lost,2026-08-07,,2026-08-07,Budget too low,17700,,
L2352,2026-08-03,7,3,2,7,2,Lost,2026-08-09,,2026-08-09,Not a fit,45500,,
L2353,2026-08-03,2,5,1,7,2,Lost,2026-08-06,,2026-08-06,Budget too low,16200,,
L2354,2026-08-03,7,3,1,7,2,Lost,2026-08-10,,2026-08-10,No response,22400,,
L2355,2026-08-03,7,1,2,7,1,Lost,2026-08-08,,2026-08-08,No response,60300,,
L2356,2026-08-03,1,3,3,7,4,Lost,2026-08-21,,2026-08-21,Price too high,130100,,
L2357,2026-08-03,4,1,3,7,2,Lost,2026-08-09,,2026-08-09,No response,150000,,
L2358,2026-08-03,1,4,3,7,2,Lost,2026-08-12,,2026-08-12,Not a fit,153000,,
L2359,2026-08-04,4,3,2,7,3,Lost,2026-08-17,,2026-08-17,Not a fit,75600,,
L2360,2026-08-04,3,1,4,7,2,Lost,2026-08-13,,2026-08-13,No response,291700,,
L2361,2026-08-04,1,4,1,7,2,Lost,2026-08-13,,2026-08-13,No response,25200,,
L2362,2026-08-04,1,3,1,7,3,Lost,2026-08-11,,2026-08-11,Budget too low,15500,,
L2363,2026-08-04,2,5,2,7,2,Lost,2026-08-10,,2026-08-10,Not a fit,47000,,
L2364,2026-08-04,1,3,2,7,5,Lost,2026-09-07,,2026-09-07,Postponed decision,41300,,
L2365,2026-08-04,2,2,3,7,2,Lost,2026-08-15,,2026-08-15,Not a fit,176100,,
L2366,2026-08-04,6,1,1,2,2,Open,2026-08-06,,,,22400,,
L2367,2026-08-04,1,3,3,6,6,Won,2026-08-30,2026-08-30,,,96600,87600,26
L2368,2026-08-04,2,1,1,6,6,Won,2026-08-30,2026-08-30,,,26100,24200,26
L2369,2026-08-04,1,2,2,7,1,Lost,2026-08-07,,2026-08-07,Not a fit,40300,,
L2370,2026-08-04,2,5,2,7,2,Lost,2026-08-14,,2026-08-14,Not a fit,79300,,
L2371,2026-08-04,2,4,1,7,2,Lost,2026-08-11,,2026-08-11,No response,29300,,
L2372,2026-08-04,3,3,2,7,3,Lost,2026-08-13,,2026-08-13,No response,43100,,
L2373,2026-08-05,1,5,1,7,2,Lost,2026-08-13,,2026-08-13,No response,17800,,
L2374,2026-08-05,2,5,3,7,5,Lost,2026-09-05,,2026-09-05,Went with competitor,137000,,
L2375,2026-08-05,4,4,1,7,2,Lost,2026-08-13,,2026-08-13,Not a fit,25400,,
L2376,2026-08-05,3,5,3,7,1,Lost,2026-08-10,,2026-08-10,Budget too low,96000,,
L2377,2026-08-05,6,4,3,7,5,Lost,2026-09-05,,2026-09-05,Price too high,162300,,
L2378,2026-08-05,1,2,1,7,2,Lost,2026-08-14,,2026-08-14,Budget too low,16300,,
L2379,2026-08-05,1,4,4,7,2,Lost,2026-08-13,,2026-08-13,Budget too low,341300,,
L2380,2026-08-05,1,1,2,7,3,Lost,2026-08-20,,2026-08-20,No response,79100,,
L2381,2026-08-05,4,1,1,7,2,Lost,2026-08-08,,2026-08-08,Not a fit,25800,,
L2382,2026-08-05,1,1,1,7,3,Lost,2026-08-18,,2026-08-18,Budget too low,26900,,
L2383,2026-08-05,1,2,4,7,1,Lost,2026-08-11,,2026-08-11,No response,167900,,
L2384,2026-08-05,3,4,3,7,2,Lost,2026-08-11,,2026-08-11,No response,93700,,
L2385,2026-08-06,5,3,1,7,4,Lost,2026-08-21,,2026-08-21,Went with competitor,20800,,
L2386,2026-08-06,6,4,2,7,4,Lost,2026-08-26,,2026-08-26,Went with competitor,70100,,
L2387,2026-08-06,2,1,2,6,6,Won,2026-08-28,2026-08-28,,,57300,53400,22
L2388,2026-08-06,6,1,1,7,4,Lost,2026-09-02,,2026-09-02,Postponed decision,17200,,
L2389,2026-08-06,6,1,2,7,3,Lost,2026-08-22,,2026-08-22,Budget too low,59700,,
L2390,2026-08-06,1,5,2,7,2,Lost,2026-08-13,,2026-08-13,Not a fit,55200,,
L2391,2026-08-06,7,2,3,7,2,Lost,2026-08-10,,2026-08-10,No response,150000,,
L2392,2026-08-06,5,2,1,7,2,Lost,2026-08-15,,2026-08-15,Not a fit,25600,,
L2393,2026-08-06,2,4,3,7,3,Lost,2026-08-22,,2026-08-22,Budget too low,125100,,
L2394,2026-08-06,2,2,2,7,1,Lost,2026-08-10,,2026-08-10,Not a fit,49600,,
L2395,2026-08-06,2,5,3,7,4,Lost,2026-08-20,,2026-08-20,Postponed decision,124400,,
L2396,2026-08-06,6,3,2,6,6,Won,2026-09-02,2026-09-02,,,72600,67100,27
L2397,2026-08-07,4,1,1,7,2,Lost,2026-08-13,,2026-08-13,Budget too low,20800,,
L2398,2026-08-07,1,2,4,6,6,Won,2026-08-25,2026-08-25,,,313300,295700,18
L2399,2026-08-07,2,2,1,7,3,Lost,2026-08-24,,2026-08-24,Budget too low,16800,,
L2400,2026-08-07,2,2,2,7,2,Lost,2026-08-16,,2026-08-16,No response,76200,,
L2401,2026-08-07,3,2,3,7,2,Lost,2026-08-19,,2026-08-19,No response,174000,,
L2402,2026-08-07,6,4,2,7,3,Lost,2026-08-13,,2026-08-13,Budget too low,63100,,
L2403,2026-08-07,4,2,3,7,3,Lost,2026-08-20,,2026-08-20,No response,173900,,
L2404,2026-08-07,4,1,1,7,3,Lost,2026-08-15,,2026-08-15,No response,19800,,
L2405,2026-08-07,5,5,3,7,5,Lost,2026-08-26,,2026-08-26,Went with competitor,152500,,
L2406,2026-08-07,1,3,4,6,6,Won,2026-09-09,2026-09-09,,,220400,206500,33
L2407,2026-08-07,4,2,3,7,2,Lost,2026-08-12,,2026-08-12,No response,110300,,
L2408,2026-08-07,6,5,4,7,2,Lost,2026-08-17,,2026-08-17,No response,159100,,
L2409,2026-08-07,2,1,1,7,3,Lost,2026-08-25,,2026-08-25,No response,16900,,
L2410,2026-08-07,4,4,2,7,2,Lost,2026-08-16,,2026-08-16,Not a fit,73700,,
L2411,2026-08-07,1,4,3,7,1,Lost,2026-08-09,,2026-08-09,No response,101800,,
L2412,2026-08-08,4,1,2,7,2,Lost,2026-08-16,,2026-08-16,Budget too low,70200,,
L2413,2026-08-08,5,2,1,7,4,Lost,2026-09-01,,2026-09-01,Price too high,29400,,
L2414,2026-08-08,1,1,2,7,3,Lost,2026-08-23,,2026-08-23,No response,50900,,
L2415,2026-08-08,4,3,1,7,2,Lost,2026-08-17,,2026-08-17,Budget too low,28300,,
L2416,2026-08-08,2,5,3,7,3,Lost,2026-08-16,,2026-08-16,Budget too low,132600,,
L2417,2026-08-08,4,3,1,6,6,Won,2026-08-29,2026-08-29,,,29700,26800,21
L2418,2026-08-09,3,1,3,7,5,Lost,2026-09-02,,2026-09-02,Postponed decision,91600,,
L2419,2026-08-09,2,5,2,7,2,Lost,2026-08-18,,2026-08-18,Not a fit,58200,,
L2420,2026-08-09,1,5,4,7,2,Lost,2026-08-16,,2026-08-16,Budget too low,187100,,
L2421,2026-08-09,3,4,2,7,1,Lost,2026-08-15,,2026-08-15,Budget too low,56800,,
L2422,2026-08-09,4,3,1,7,2,Lost,2026-08-18,,2026-08-18,Budget too low,24000,,
L2423,2026-08-09,4,2,1,7,2,Lost,2026-08-17,,2026-08-17,Not a fit,17200,,
L2424,2026-08-10,4,3,2,1,1,Open,2026-08-10,,,,68400,,
L2425,2026-08-10,2,5,2,7,2,Lost,2026-08-18,,2026-08-18,Not a fit,52200,,
L2426,2026-08-10,6,1,2,6,6,Won,2026-09-04,2026-09-04,,,48100,45900,25
L2427,2026-08-10,7,4,1,6,6,Won,2026-09-05,2026-09-05,,,28200,26200,26
L2428,2026-08-10,1,3,1,7,2,Lost,2026-08-18,,2026-08-18,Not a fit,16200,,
L2429,2026-08-10,4,3,4,7,1,Lost,2026-08-13,,2026-08-13,Not a fit,232800,,
L2430,2026-08-10,6,3,3,7,3,Lost,2026-08-17,,2026-08-17,No response,117700,,
L2431,2026-08-10,6,3,1,7,2,Lost,2026-08-18,,2026-08-18,Budget too low,21800,,
L2432,2026-08-10,4,2,1,7,2,Lost,2026-08-20,,2026-08-20,Budget too low,15700,,
L2433,2026-08-10,4,5,2,7,2,Lost,2026-08-14,,2026-08-14,Budget too low,75300,,
L2434,2026-08-10,3,1,2,7,4,Lost,2026-08-28,,2026-08-28,Price too high,44600,,
L2435,2026-08-10,1,1,1,7,2,Lost,2026-08-19,,2026-08-19,Budget too low,19200,,
L2436,2026-08-11,1,1,1,7,5,Lost,2026-09-07,,2026-09-07,Postponed decision,26100,,
L2437,2026-08-11,7,1,4,6,6,Won,2026-09-08,2026-09-08,,,271900,245300,28
L2438,2026-08-11,5,2,4,7,4,Lost,2026-08-27,,2026-08-27,Went with competitor,298200,,
L2439,2026-08-11,3,4,3,7,5,Lost,2026-08-31,,2026-08-31,Went with competitor,138600,,
L2440,2026-08-11,2,3,1,7,3,Lost,2026-08-23,,2026-08-23,No response,19000,,
L2441,2026-08-11,1,5,2,7,3,Lost,2026-08-19,,2026-08-19,No response,51200,,
L2442,2026-08-11,1,1,1,2,2,Open,2026-08-13,,,,21000,,
L2443,2026-08-11,1,2,1,7,3,Lost,2026-08-30,,2026-08-30,No response,22000,,
L2444,2026-08-11,5,5,2,7,3,Lost,2026-08-24,,2026-08-24,Budget too low,70000,,
L2445,2026-08-11,3,3,3,7,5,Lost,2026-08-31,,2026-08-31,Price too high,105400,,
L2446,2026-08-11,2,3,1,7,2,Lost,2026-08-20,,2026-08-20,No response,27200,,
L2447,2026-08-11,6,4,2,7,2,Lost,2026-08-19,,2026-08-19,No response,67600,,
L2448,2026-08-11,6,1,2,7,4,Lost,2026-08-26,,2026-08-26,Postponed decision,65600,,
L2449,2026-08-12,2,5,1,7,2,Lost,2026-08-20,,2026-08-20,Not a fit,18800,,
L2450,2026-08-12,3,1,3,6,6,Won,2026-09-02,2026-09-02,,,99000,87700,21
L2451,2026-08-12,5,3,2,7,5,Lost,2026-09-02,,2026-09-02,Went with competitor,71900,,
L2452,2026-08-12,5,2,1,7,3,Lost,2026-08-23,,2026-08-23,Not a fit,21800,,
L2453,2026-08-12,3,4,3,6,6,Won,2026-09-06,2026-09-06,,,107300,101900,25
L2454,2026-08-12,2,3,2,7,2,Lost,2026-08-20,,2026-08-20,No response,72200,,
L2455,2026-08-12,4,3,1,7,2,Lost,2026-08-21,,2026-08-21,No response,25200,,
L2456,2026-08-12,1,5,3,7,1,Lost,2026-08-16,,2026-08-16,Not a fit,127300,,
L2457,2026-08-12,2,2,1,6,6,Won,2026-09-01,2026-09-01,,,20400,20100,20
L2458,2026-08-12,6,4,1,7,3,Lost,2026-08-26,,2026-08-26,No response,17300,,
L2459,2026-08-12,5,3,2,6,6,Won,2026-09-05,2026-09-05,,,78200,74200,24
L2460,2026-08-12,6,2,3,7,2,Lost,2026-08-15,,2026-08-15,Not a fit,104100,,
L2461,2026-08-13,5,5,2,7,3,Lost,2026-08-28,,2026-08-28,No response,75300,,
L2462,2026-08-13,5,1,2,7,2,Lost,2026-08-19,,2026-08-19,Budget too low,50500,,
L2463,2026-08-13,1,4,1,7,2,Lost,2026-08-19,,2026-08-19,Budget too low,28900,,
L2464,2026-08-13,2,4,2,7,2,Lost,2026-08-24,,2026-08-24,No response,51300,,
L2465,2026-08-13,1,2,1,7,4,Lost,2026-08-27,,2026-08-27,Price too high,17100,,
L2466,2026-08-13,2,4,4,7,2,Lost,2026-08-24,,2026-08-24,Not a fit,333400,,
L2467,2026-08-13,3,5,4,7,5,Lost,2026-08-30,,2026-08-30,Price too high,205500,,
L2468,2026-08-13,1,2,3,7,2,Lost,2026-08-20,,2026-08-20,Not a fit,138500,,
L2469,2026-08-13,5,3,1,7,3,Lost,2026-08-29,,2026-08-29,Budget too low,22900,,
L2470,2026-08-13,5,1,1,7,2,Lost,2026-08-17,,2026-08-17,No response,21000,,
L2471,2026-08-13,6,2,3,7,2,Lost,2026-08-21,,2026-08-21,Not a fit,135100,,
L2472,2026-08-14,2,1,3,7,5,Lost,2026-09-01,,2026-09-01,Postponed decision,176700,,
L2473,2026-08-14,3,1,2,6,6,Won,2026-09-12,2026-09-12,,,74000,70900,29
L2474,2026-08-14,2,3,3,6,6,Won,2026-09-06,2026-09-06,,,105000,99900,23
L2475,2026-08-14,3,5,2,7,2,Lost,2026-08-21,,2026-08-21,Budget too low,61600,,
L2476,2026-08-14,1,4,2,7,2,Lost,2026-08-22,,2026-08-22,No response,67800,,
L2477,2026-08-14,1,4,1,7,2,Lost,2026-08-19,,2026-08-19,Budget too low,24300,,
L2478,2026-08-14,4,4,3,7,4,Lost,2026-09-03,,2026-09-03,Postponed decision,169800,,
L2479,2026-08-14,4,4,1,7,2,Lost,2026-08-21,,2026-08-21,Budget too low,15100,,
L2480,2026-08-14,4,5,1,7,3,Lost,2026-08-25,,2026-08-25,Budget too low,19100,,
L2481,2026-08-14,7,3,1,7,2,Lost,2026-08-24,,2026-08-24,Not a fit,26000,,
L2482,2026-08-14,2,1,3,6,6,Won,2026-09-10,2026-09-10,,,105000,93200,27
L2483,2026-08-14,6,2,1,2,2,Open,2026-08-15,,,,27500,,
L2484,2026-08-14,6,5,2,6,6,Won,2026-09-08,2026-09-08,,,75000,74300,25
L2485,2026-08-15,3,3,4,7,3,Lost,2026-09-03,,2026-09-03,No response,159400,,
L2486,2026-08-15,6,3,2,7,2,Lost,2026-08-25,,2026-08-25,Not a fit,43900,,
L2487,2026-08-15,2,5,1,6,6,Won,2026-08-28,2026-08-28,,,26400,24100,13
L2488,2026-08-15,2,3,1,7,2,Lost,2026-08-23,,2026-08-23,Not a fit,23900,,
L2489,2026-08-15,5,3,1,7,5,Lost,2026-09-02,,2026-09-02,Went with competitor,29100,,
L2490,2026-08-16,4,3,2,7,2,Lost,2026-08-23,,2026-08-23,Not a fit,41200,,
L2491,2026-08-16,2,2,2,7,2,Lost,2026-08-22,,2026-08-22,No response,53100,,
L2492,2026-08-16,2,3,1,7,3,Lost,2026-08-28,,2026-08-28,No response,17500,,
L2493,2026-08-16,6,4,1,6,6,Won,2026-09-10,2026-09-10,,,26700,26200,25
L2494,2026-08-16,1,3,1,7,3,Lost,2026-08-31,,2026-08-31,No response,16700,,
L2495,2026-08-16,2,5,1,7,3,Lost,2026-08-31,,2026-08-31,Budget too low,21700,,
L2496,2026-08-17,5,3,1,6,6,Won,2026-09-12,2026-09-12,,,26800,24900,26
L2497,2026-08-17,6,1,2,7,1,Lost,2026-08-22,,2026-08-22,Not a fit,49600,,
L2498,2026-08-17,7,5,2,7,2,Lost,2026-08-26,,2026-08-26,No response,61400,,
L2499,2026-08-17,1,5,2,7,3,Lost,2026-08-30,,2026-08-30,Not a fit,52600,,
L2500,2026-08-17,5,5,1,7,3,Lost,2026-08-26,,2026-08-26,Not a fit,22700,,
L2501,2026-08-17,5,2,2,7,3,Lost,2026-08-30,,2026-08-30,Not a fit,55900,,
L2502,2026-08-17,2,3,1,7,2,Lost,2026-08-23,,2026-08-23,Not a fit,23800,,
L2503,2026-08-17,3,5,1,7,5,Lost,2026-09-24,,2026-09-24,Went with competitor,28600,,
L2504,2026-08-17,4,5,3,7,3,Lost,2026-09-02,,2026-09-02,No response,142500,,
L2505,2026-08-17,7,1,3,7,2,Lost,2026-08-26,,2026-08-26,Budget too low,94600,,
L2506,2026-08-17,6,1,3,7,4,Lost,2026-09-10,,2026-09-10,Went with competitor,116900,,
L2507,2026-08-17,5,2,2,7,1,Lost,2026-08-21,,2026-08-21,No response,70400,,
L2508,2026-08-17,1,2,2,7,2,Lost,2026-08-22,,2026-08-22,Budget too low,48400,,
L2509,2026-08-17,7,4,3,7,2,Lost,2026-08-21,,2026-08-21,Budget too low,97200,,
L2510,2026-08-17,4,5,2,7,2,Lost,2026-08-23,,2026-08-23,Not a fit,46700,,
L2511,2026-08-18,1,3,1,7,4,Lost,2026-09-07,,2026-09-07,Price too high,27400,,
L2512,2026-08-18,1,2,3,6,6,Won,2026-09-21,2026-09-21,,,97200,91800,34
L2513,2026-08-18,1,5,3,7,5,Lost,2026-09-14,,2026-09-14,Postponed decision,93800,,
L2514,2026-08-18,4,4,2,2,2,Open,2026-08-23,,,,48400,,
L2515,2026-08-18,2,3,4,7,2,Lost,2026-08-25,,2026-08-25,No response,345300,,
L2516,2026-08-18,1,3,3,7,3,Lost,2026-08-31,,2026-08-31,Budget too low,163800,,
L2517,2026-08-18,1,2,3,7,2,Lost,2026-08-25,,2026-08-25,Budget too low,172000,,
L2518,2026-08-18,2,1,1,7,2,Lost,2026-08-20,,2026-08-20,Budget too low,18700,,
L2519,2026-08-18,2,1,3,7,2,Lost,2026-08-26,,2026-08-26,Budget too low,146100,,
L2520,2026-08-18,6,4,3,7,5,Lost,2026-09-16,,2026-09-16,Went with competitor,93900,,
L2521,2026-08-18,4,3,2,7,2,Lost,2026-08-24,,2026-08-24,Budget too low,61200,,
L2522,2026-08-18,5,4,2,7,2,Lost,2026-08-30,,2026-08-30,Budget too low,50400,,
L2523,2026-08-18,1,5,2,7,2,Lost,2026-08-26,,2026-08-26,Not a fit,74300,,
L2524,2026-08-18,1,2,3,7,3,Lost,2026-09-03,,2026-09-03,Budget too low,159000,,
L2525,2026-08-19,7,1,3,7,2,Lost,2026-08-28,,2026-08-28,Budget too low,165500,,
L2526,2026-08-19,3,5,4,7,4,Lost,2026-09-07,,2026-09-07,Price too high,251500,,
L2527,2026-08-19,1,1,2,7,2,Lost,2026-08-26,,2026-08-26,No response,64900,,
L2528,2026-08-19,3,4,1,7,1,Lost,2026-08-20,,2026-08-20,No response,19000,,
L2529,2026-08-19,4,2,3,7,4,Lost,2026-09-08,,2026-09-08,Postponed decision,110900,,
L2530,2026-08-19,2,5,1,7,2,Lost,2026-08-22,,2026-08-22,Budget too low,19100,,
L2531,2026-08-19,4,1,4,7,2,Lost,2026-08-27,,2026-08-27,Budget too low,334700,,
L2532,2026-08-19,3,4,4,7,2,Lost,2026-08-25,,2026-08-25,No response,323100,,
L2533,2026-08-19,1,1,1,7,2,Lost,2026-08-26,,2026-08-26,No response,28400,,
L2534,2026-08-19,1,3,2,6,6,Won,2026-09-06,2026-09-06,,,57300,55900,18
L2535,2026-08-19,4,1,2,7,2,Lost,2026-08-28,,2026-08-28,No response,47900,,
L2536,2026-08-20,1,5,4,7,2,Lost,2026-08-26,,2026-08-26,No response,155200,,
L2537,2026-08-20,1,1,1,7,4,Lost,2026-09-11,,2026-09-11,Postponed decision,27200,,
L2538,2026-08-20,5,4,3,3,3,Open,2026-08-23,,,,179900,,
L2539,2026-08-20,2,2,2,7,4,Lost,2026-09-06,,2026-09-06,Went with competitor,79300,,
L2540,2026-08-20,5,2,4,7,2,Lost,2026-08-25,,2026-08-25,Not a fit,332800,,
L2541,2026-08-20,6,4,2,7,2,Lost,2026-08-28,,2026-08-28,Not a fit,48300,,
L2542,2026-08-20,2,4,2,6,6,Won,2026-09-17,2026-09-17,,,52000,51000,28
L2543,2026-08-20,1,4,2,7,3,Lost,2026-09-06,,2026-09-06,No response,56200,,
L2544,2026-08-20,1,4,4,7,2,Lost,2026-08-28,,2026-08-28,Not a fit,331600,,
L2545,2026-08-20,5,5,4,7,4,Lost,2026-09-07,,2026-09-07,Price too high,345300,,
L2546,2026-08-20,2,2,3,7,2,Lost,2026-08-26,,2026-08-26,No response,160700,,
L2547,2026-08-20,3,1,1,7,3,Lost,2026-08-29,,2026-08-29,Not a fit,29500,,
L2548,2026-08-20,4,2,3,2,2,Open,2026-08-22,,,,122300,,
L2549,2026-08-20,1,5,2,7,1,Lost,2026-08-26,,2026-08-26,Not a fit,49900,,
L2550,2026-08-21,1,1,2,7,1,Lost,2026-08-26,,2026-08-26,No response,40100,,
L2551,2026-08-21,2,4,3,7,4,Lost,2026-09-16,,2026-09-16,Postponed decision,92100,,
L2552,2026-08-21,4,5,1,7,2,Lost,2026-08-25,,2026-08-25,Budget too low,15100,,
L2553,2026-08-21,2,3,2,7,4,Lost,2026-09-13,,2026-09-13,Price too high,41600,,
L2554,2026-08-21,6,5,3,7,4,Lost,2026-09-10,,2026-09-10,Postponed decision,118700,,
L2555,2026-08-21,1,3,1,7,2,Lost,2026-08-30,,2026-08-30,Not a fit,26400,,
L2556,2026-08-21,2,3,3,7,2,Lost,2026-08-25,,2026-08-25,Budget too low,128900,,
L2557,2026-08-21,1,2,3,7,3,Lost,2026-09-03,,2026-09-03,No response,138500,,
L2558,2026-08-21,7,4,1,7,3,Lost,2026-08-31,,2026-08-31,No response,23000,,
L2559,2026-08-21,2,2,4,6,6,Won,2026-09-13,2026-09-13,,,194500,189500,23
L2560,2026-08-21,7,3,2,7,2,Lost,2026-08-29,,2026-08-29,No response,51500,,
L2561,2026-08-21,1,4,2,7,5,Lost,2026-09-07,,2026-09-07,Went with competitor,42200,,
L2562,2026-08-21,7,3,1,7,2,Lost,2026-08-30,,2026-08-30,Not a fit,26000,,
L2563,2026-08-22,7,3,2,7,1,Lost,2026-08-26,,2026-08-26,Budget too low,75800,,
L2564,2026-08-22,2,1,1,7,2,Lost,2026-08-31,,2026-08-31,Budget too low,16300,,
L2565,2026-08-22,2,2,1,7,3,Lost,2026-08-28,,2026-08-28,No response,20200,,
L2566,2026-08-22,5,2,2,7,2,Lost,2026-08-29,,2026-08-29,Not a fit,79500,,
L2567,2026-08-22,7,2,1,7,3,Lost,2026-09-06,,2026-09-06,Not a fit,16100,,
L2568,2026-08-23,3,1,2,7,2,Lost,2026-08-27,,2026-08-27,Not a fit,63100,,
L2569,2026-08-23,3,4,4,7,5,Lost,2026-09-18,,2026-09-18,Postponed decision,344700,,
L2570,2026-08-23,5,3,1,7,1,Lost,2026-08-24,,2026-08-24,Budget too low,18900,,
L2571,2026-08-23,4,3,2,7,2,Lost,2026-08-31,,2026-08-31,No response,43500,,
L2572,2026-08-23,3,4,1,7,3,Lost,2026-09-02,,2026-09-02,Budget too low,27900,,
L2573,2026-08-23,3,5,3,7,2,Lost,2026-08-30,,2026-08-30,No response,138300,,
L2574,2026-08-23,7,2,1,7,3,Lost,2026-09-03,,2026-09-03,No response,27200,,
L2575,2026-08-24,3,1,3,6,6,Won,2026-09-12,2026-09-12,,,111600,109000,19
L2576,2026-08-24,1,1,1,7,2,Lost,2026-08-29,,2026-08-29,Budget too low,28800,,
L2577,2026-08-24,5,5,2,7,3,Lost,2026-09-03,,2026-09-03,Not a fit,71200,,
L2578,2026-08-24,1,3,3,7,4,Lost,2026-09-15,,2026-09-15,Price too high,147300,,
L2579,2026-08-24,3,2,2,6,6,Won,2026-09-20,2026-09-20,,,67000,63900,27
L2580,2026-08-24,7,2,1,7,5,Lost,2026-09-12,,2026-09-12,Price too high,18000,,
L2581,2026-08-24,1,3,2,7,3,Lost,2026-09-07,,2026-09-07,Not a fit,66900,,
L2582,2026-08-24,1,2,1,7,2,Lost,2026-08-29,,2026-08-29,Not a fit,20900,,
L2583,2026-08-24,3,4,1,7,2,Lost,2026-09-01,,2026-09-01,No response,25000,,
L2584,2026-08-24,2,3,2,7,2,Lost,2026-08-29,,2026-08-29,No response,77600,,
L2585,2026-08-24,2,1,2,7,1,Lost,2026-08-25,,2026-08-25,Budget too low,40400,,
L2586,2026-08-25,3,3,3,7,2,Lost,2026-09-05,,2026-09-05,Budget too low,104100,,
L2587,2026-08-25,1,5,3,7,2,Lost,2026-08-30,,2026-08-30,No response,135300,,
L2588,2026-08-25,5,3,3,6,6,Won,2026-09-19,2026-09-19,,,94200,89100,25
L2589,2026-08-25,1,3,1,7,3,Lost,2026-09-08,,2026-09-08,No response,16800,,
L2590,2026-08-25,2,2,2,7,2,Lost,2026-08-30,,2026-08-30,Not a fit,52800,,
L2591,2026-08-25,5,2,1,7,3,Lost,2026-09-03,,2026-09-03,Budget too low,20600,,
L2592,2026-08-25,3,2,3,7,2,Lost,2026-08-31,,2026-08-31,Not a fit,91700,,
L2593,2026-08-25,5,4,1,7,3,Lost,2026-09-06,,2026-09-06,Not a fit,20400,,
L2594,2026-08-25,3,2,2,6,6,Won,2026-09-27,2026-09-27,,,68900,63800,33
L2595,2026-08-25,1,2,1,7,3,Lost,2026-09-09,,2026-09-09,Not a fit,26600,,
L2596,2026-08-25,2,3,1,7,2,Lost,2026-09-01,,2026-09-01,Budget too low,21700,,
L2597,2026-08-25,1,3,1,7,3,Lost,2026-09-11,,2026-09-11,Not a fit,23200,,
L2598,2026-08-25,3,4,3,7,3,Lost,2026-09-05,,2026-09-05,Not a fit,152500,,
L2599,2026-08-25,5,3,1,7,4,Lost,2026-09-17,,2026-09-17,Went with competitor,26800,,
L2600,2026-08-26,2,4,1,7,5,Lost,2026-09-15,,2026-09-15,Postponed decision,22100,,
L2601,2026-08-26,6,4,3,7,1,Lost,2026-08-28,,2026-08-28,No response,106200,,
L2602,2026-08-26,3,1,3,7,2,Lost,2026-09-02,,2026-09-02,No response,165200,,
L2603,2026-08-26,2,1,3,7,4,Lost,2026-09-13,,2026-09-13,Price too high,104200,,
L2604,2026-08-26,1,2,1,7,3,Lost,2026-09-12,,2026-09-12,No response,28500,,
L2605,2026-08-26,2,1,3,7,1,Lost,2026-08-27,,2026-08-27,No response,130600,,
L2606,2026-08-26,2,2,2,5,5,Open,2026-09-23,,,,71100,,
L2607,2026-08-26,1,3,3,5,5,Open,2026-09-19,,,,129000,,
L2608,2026-08-26,2,5,1,7,2,Lost,2026-09-03,,2026-09-03,No response,24100,,
L2609,2026-08-26,1,5,1,6,6,Won,2026-09-18,2026-09-18,,,20800,18800,23
L2610,2026-08-26,3,5,3,3,3,Open,2026-09-05,,,,142800,,
L2611,2026-08-26,5,3,3,7,4,Lost,2026-09-04,,2026-09-04,Went with competitor,166200,,
L2612,2026-08-26,6,2,2,7,5,Lost,2026-09-15,,2026-09-15,Went with competitor,51200,,
L2613,2026-08-27,2,1,1,7,2,Lost,2026-09-05,,2026-09-05,No response,28300,,
L2614,2026-08-27,6,5,2,6,6,Won,2026-09-19,2026-09-19,,,62200,60300,23
L2615,2026-08-27,3,2,1,7,4,Lost,2026-09-12,,2026-09-12,Price too high,27500,,
L2616,2026-08-27,1,4,2,7,3,Lost,2026-09-08,,2026-09-08,Budget too low,43000,,
L2617,2026-08-27,1,4,1,7,3,Lost,2026-09-09,,2026-09-09,No response,29800,,
L2618,2026-08-27,7,3,2,7,2,Lost,2026-09-03,,2026-09-03,No response,46000,,
L2619,2026-08-27,4,5,2,7,2,Lost,2026-09-03,,2026-09-03,Budget too low,57900,,
L2620,2026-08-27,6,3,3,7,2,Lost,2026-09-04,,2026-09-04,Not a fit,114300,,
L2621,2026-08-27,1,1,1,7,2,Lost,2026-09-07,,2026-09-07,Budget too low,25800,,
L2622,2026-08-27,6,4,4,7,2,Lost,2026-09-06,,2026-09-06,No response,242200,,
L2623,2026-08-27,1,1,2,7,2,Lost,2026-09-07,,2026-09-07,Budget too low,49500,,
L2624,2026-08-27,1,1,1,7,3,Lost,2026-09-10,,2026-09-10,Budget too low,23100,,
L2625,2026-08-27,3,5,2,7,2,Lost,2026-09-02,,2026-09-02,Not a fit,43800,,
L2626,2026-08-27,2,5,1,7,2,Lost,2026-09-08,,2026-09-08,Not a fit,22600,,
L2627,2026-08-28,3,4,3,7,3,Lost,2026-09-10,,2026-09-10,No response,91600,,
L2628,2026-08-28,5,4,1,6,6,Won,2026-09-21,2026-09-21,,,17400,15800,24
L2629,2026-08-28,1,1,1,7,1,Lost,2026-08-30,,2026-08-30,No response,29200,,
L2630,2026-08-28,2,5,1,7,2,Lost,2026-09-09,,2026-09-09,No response,15200,,
L2631,2026-08-28,2,1,1,7,1,Lost,2026-08-29,,2026-08-29,Not a fit,27500,,
L2632,2026-08-28,2,2,1,7,2,Lost,2026-08-30,,2026-08-30,No response,27500,,
L2633,2026-08-28,3,2,2,7,3,Lost,2026-09-08,,2026-09-08,Budget too low,48000,,
L2634,2026-08-28,1,1,4,7,2,Lost,2026-08-30,,2026-08-30,Budget too low,178700,,
L2635,2026-08-28,2,1,2,7,5,Lost,2026-09-20,,2026-09-20,Postponed decision,57400,,
L2636,2026-08-28,1,2,3,6,6,Won,2026-09-24,2026-09-24,,,100300,93900,27
L2637,2026-08-28,6,5,2,7,2,Lost,2026-09-01,,2026-09-01,No response,78000,,
L2638,2026-08-29,4,1,3,7,2,Lost,2026-09-07,,2026-09-07,No response,169200,,
L2639,2026-08-29,7,4,2,7,2,Lost,2026-09-07,,2026-09-07,Not a fit,62600,,
L2640,2026-08-29,2,3,1,7,2,Lost,2026-09-03,,2026-09-03,Not a fit,22400,,
L2641,2026-08-30,5,1,1,7,3,Lost,2026-09-10,,2026-09-10,No response,28100,,
L2642,2026-08-30,1,4,3,7,2,Lost,2026-09-03,,2026-09-03,Not a fit,114000,,
L2643,2026-08-30,3,3,1,7,5,Lost,2026-09-23,,2026-09-23,Went with competitor,20900,,
L2644,2026-08-30,1,5,4,7,3,Lost,2026-09-11,,2026-09-11,Not a fit,254500,,
L2645,2026-08-31,6,4,1,7,4,Lost,2026-09-10,,2026-09-10,Price too high,28200,,
L2646,2026-08-31,3,2,2,7,2,Lost,2026-09-09,,2026-09-09,Budget too low,44400,,
L2647,2026-08-31,2,3,4,7,2,Lost,2026-09-06,,2026-09-06,Not a fit,222700,,
L2648,2026-08-31,2,4,2,7,2,Lost,2026-09-05,,2026-09-05,Not a fit,49800,,
L2649,2026-08-31,4,1,2,7,2,Lost,2026-09-09,,2026-09-09,No response,45400,,
L2650,2026-08-31,4,5,2,7,2,Lost,2026-09-07,,2026-09-07,No response,65900,,
L2651,2026-08-31,2,2,2,7,2,Lost,2026-09-07,,2026-09-07,Not a fit,48200,,
L2652,2026-08-31,1,3,3,7,2,Lost,2026-09-08,,2026-09-08,Budget too low,147400,,
L2653,2026-08-31,3,3,2,6,6,Won,2026-09-17,2026-09-17,,,62400,62000,17
L2654,2026-08-31,3,2,3,7,1,Lost,2026-09-06,,2026-09-06,Budget too low,135800,,
L2655,2026-08-31,7,4,1,6,6,Won,2026-09-17,2026-09-17,,,17300,15700,17
L2656,2026-09-01,7,2,4,7,2,Lost,2026-09-09,,2026-09-09,No response,167400,,
L2657,2026-09-01,2,5,2,7,2,Lost,2026-09-08,,2026-09-08,Not a fit,56700,,
L2658,2026-09-01,1,3,1,7,2,Lost,2026-09-10,,2026-09-10,Budget too low,24100,,
L2659,2026-09-01,5,1,2,7,5,Lost,2026-09-23,,2026-09-23,Postponed decision,71300,,
L2660,2026-09-01,3,1,1,7,1,Lost,2026-09-06,,2026-09-06,Budget too low,24800,,
L2661,2026-09-01,1,5,1,7,2,Lost,2026-09-07,,2026-09-07,Not a fit,15000,,
L2662,2026-09-01,4,1,2,7,2,Lost,2026-09-08,,2026-09-08,Not a fit,41900,,
L2663,2026-09-01,1,2,2,7,2,Lost,2026-09-07,,2026-09-07,No response,56600,,
L2664,2026-09-01,4,1,2,7,1,Lost,2026-09-04,,2026-09-04,No response,60700,,
L2665,2026-09-01,4,4,2,7,2,Lost,2026-09-03,,2026-09-03,Not a fit,43600,,
L2666,2026-09-01,6,2,3,7,3,Lost,2026-09-09,,2026-09-09,No response,126600,,
L2667,2026-09-01,7,4,1,7,2,Lost,2026-09-08,,2026-09-08,No response,28500,,
L2668,2026-09-02,4,3,4,7,5,Lost,2026-09-23,,2026-09-23,Price too high,286100,,
L2669,2026-09-02,7,4,2,5,5,Open,2026-09-26,,,,40400,,
L2670,2026-09-02,1,3,1,7,2,Lost,2026-09-06,,2026-09-06,Not a fit,26500,,
L2671,2026-09-02,4,2,3,7,2,Lost,2026-09-13,,2026-09-13,Not a fit,164400,,
L2672,2026-09-02,2,3,1,7,1,Lost,2026-09-04,,2026-09-04,No response,25700,,
L2673,2026-09-02,2,4,2,7,3,Lost,2026-09-18,,2026-09-18,Budget too low,58500,,
L2674,2026-09-02,6,2,3,4,4,Open,2026-09-19,,,,175600,,
L2675,2026-09-02,7,5,2,7,2,Lost,2026-09-11,,2026-09-11,No response,47100,,
L2676,2026-09-02,3,5,3,5,5,Open,2026-09-26,,,,156100,,
L2677,2026-09-02,3,1,2,6,6,Won,2026-09-20,2026-09-20,,,74700,71600,18
L2678,2026-09-02,4,4,4,7,1,Lost,2026-09-08,,2026-09-08,Not a fit,179400,,
L2679,2026-09-03,6,3,3,4,4,Open,2026-09-19,,,,140800,,
L2680,2026-09-03,2,3,3,7,1,Lost,2026-09-09,,2026-09-09,No response,124500,,
L2681,2026-09-03,2,1,1,6,6,Won,2026-09-25,2026-09-25,,,29500,29300,22
L2682,2026-09-03,7,5,4,7,3,Lost,2026-09-12,,2026-09-12,No response,345800,,
L2683,2026-09-03,3,4,2,7,1,Lost,2026-09-06,,2026-09-06,No response,77500,,
L2684,2026-09-03,5,3,3,5,5,Open,2026-09-21,,,,90600,,
L2685,2026-09-03,3,2,1,7,3,Lost,2026-09-18,,2026-09-18,Budget too low,29900,,
L2686,2026-09-03,6,5,3,7,2,Lost,2026-09-08,,2026-09-08,Not a fit,143200,,
L2687,2026-09-03,6,3,1,7,3,Lost,2026-09-13,,2026-09-13,No response,21700,,
L2688,2026-09-03,2,1,4,7,3,Lost,2026-09-14,,2026-09-14,Budget too low,327000,,
L2689,2026-09-03,3,3,1,7,4,Lost,2026-09-22,,2026-09-22,Postponed decision,25400,,
L2690,2026-09-03,1,3,2,7,3,Lost,2026-09-15,,2026-09-15,No response,43200,,
L2691,2026-09-03,3,1,4,7,3,Lost,2026-09-14,,2026-09-14,Not a fit,159400,,
L2692,2026-09-04,6,1,2,4,4,Open,2026-09-21,,,,79400,,
L2693,2026-09-04,2,2,3,7,3,Lost,2026-09-16,,2026-09-16,Budget too low,156500,,
L2694,2026-09-04,3,2,2,7,1,Lost,2026-09-05,,2026-09-05,Not a fit,46300,,
L2695,2026-09-04,2,4,3,7,4,Lost,2026-09-27,,2026-09-27,Price too high,108600,,
L2696,2026-09-04,5,4,2,7,4,Lost,2026-09-27,,2026-09-27,Postponed decision,60200,,
L2697,2026-09-04,4,3,3,7,5,Lost,2026-09-25,,2026-09-25,Went with competitor,97100,,
L2698,2026-09-04,1,4,3,7,2,Lost,2026-09-09,,2026-09-09,Not a fit,150500,,
L2699,2026-09-04,3,3,2,7,1,Lost,2026-09-10,,2026-09-10,No response,51100,,
L2700,2026-09-04,6,2,4,7,4,Lost,2026-09-24,,2026-09-24,Price too high,329100,,
L2701,2026-09-04,6,2,1,7,2,Lost,2026-09-07,,2026-09-07,No response,25500,,
L2702,2026-09-04,5,3,1,5,5,Open,2026-09-23,,,,20600,,
L2703,2026-09-05,6,1,2,7,2,Lost,2026-09-12,,2026-09-12,Budget too low,57200,,
L2704,2026-09-05,1,2,1,7,3,Lost,2026-09-19,,2026-09-19,Budget too low,26100,,
L2705,2026-09-05,3,5,2,7,1,Lost,2026-09-07,,2026-09-07,No response,74300,,
L2706,2026-09-05,1,5,2,7,2,Lost,2026-09-11,,2026-09-11,Not a fit,45300,,
L2707,2026-09-05,5,5,4,7,1,Lost,2026-09-10,,2026-09-10,Not a fit,158800,,
L2708,2026-09-05,4,3,1,4,4,Open,2026-09-26,,,,16400,,
L2709,2026-09-05,5,4,4,4,4,Open,2026-09-24,,,,181400,,
L2710,2026-09-05,1,4,3,5,5,Open,2026-09-26,,,,117900,,
L2711,2026-09-06,2,2,2,7,2,Lost,2026-09-16,,2026-09-16,Not a fit,42700,,
L2712,2026-09-06,2,3,2,7,2,Lost,2026-09-10,,2026-09-10,Not a fit,62900,,
L2713,2026-09-06,3,3,1,7,2,Lost,2026-09-15,,2026-09-15,Not a fit,20600,,
L2714,2026-09-06,3,3,3,7,3,Lost,2026-09-19,,2026-09-19,Not a fit,101100,,
L2715,2026-09-06,3,4,1,4,4,Open,2026-09-21,,,,28300,,
L2716,2026-09-06,4,1,3,7,3,Lost,2026-09-20,,2026-09-20,No response,177400,,
L2717,2026-09-07,3,4,2,5,5,Open,2026-09-24,,,,48700,,
L2718,2026-09-07,6,3,1,7,3,Lost,2026-09-26,,2026-09-26,Budget too low,17500,,
L2719,2026-09-07,7,2,1,7,4,Lost,2026-09-18,,2026-09-18,Price too high,23000,,
L2720,2026-09-07,3,3,1,7,3,Lost,2026-09-20,,2026-09-20,No response,29400,,
L2721,2026-09-07,2,3,2,7,2,Lost,2026-09-16,,2026-09-16,No response,45100,,
L2722,2026-09-07,3,2,1,7,1,Lost,2026-09-10,,2026-09-10,No response,15100,,
L2723,2026-09-07,4,2,3,7,2,Lost,2026-09-13,,2026-09-13,No response,128900,,
L2724,2026-09-07,7,4,3,5,5,Open,2026-09-22,,,,135600,,
L2725,2026-09-07,1,5,3,3,3,Open,2026-09-19,,,,102200,,
L2726,2026-09-07,2,4,2,7,2,Lost,2026-09-16,,2026-09-16,Not a fit,70300,,
L2727,2026-09-07,6,1,3,7,2,Lost,2026-09-16,,2026-09-16,Not a fit,112100,,
L2728,2026-09-07,7,1,1,7,2,Lost,2026-09-16,,2026-09-16,Budget too low,21700,,
L2729,2026-09-08,4,5,2,4,4,Open,2026-09-25,,,,69900,,
L2730,2026-09-08,5,1,3,7,3,Lost,2026-09-19,,2026-09-19,Not a fit,143700,,
L2731,2026-09-08,6,1,1,7,1,Lost,2026-09-14,,2026-09-14,Budget too low,17400,,
L2732,2026-09-08,5,1,2,7,3,Lost,2026-09-18,,2026-09-18,Not a fit,76400,,
L2733,2026-09-08,5,2,1,4,4,Open,2026-09-21,,,,17900,,
L2734,2026-09-08,4,1,3,7,2,Lost,2026-09-15,,2026-09-15,No response,159700,,
L2735,2026-09-08,2,5,4,4,4,Open,2026-09-22,,,,208000,,
L2736,2026-09-08,7,3,2,7,2,Lost,2026-09-17,,2026-09-17,Not a fit,70100,,
L2737,2026-09-08,1,5,1,5,5,Open,2026-09-21,,,,15100,,
L2738,2026-09-08,6,4,2,7,3,Lost,2026-09-23,,2026-09-23,Not a fit,56300,,
L2739,2026-09-08,1,2,1,1,1,Open,2026-09-08,,,,21500,,
L2740,2026-09-08,1,5,2,7,4,Lost,2026-09-25,,2026-09-25,Went with competitor,60800,,
L2741,2026-09-09,3,4,4,7,2,Lost,2026-09-16,,2026-09-16,No response,151000,,
L2742,2026-09-09,3,2,3,7,3,Lost,2026-09-23,,2026-09-23,Not a fit,163900,,
L2743,2026-09-09,1,2,2,7,2,Lost,2026-09-20,,2026-09-20,No response,56400,,
L2744,2026-09-09,1,5,3,7,2,Lost,2026-09-16,,2026-09-16,Budget too low,115000,,
L2745,2026-09-09,3,4,3,5,5,Open,2026-09-24,,,,172700,,
L2746,2026-09-09,1,4,3,7,2,Lost,2026-09-16,,2026-09-16,Budget too low,134300,,
L2747,2026-09-09,2,1,3,7,4,Lost,2026-09-26,,2026-09-26,Price too high,142600,,
L2748,2026-09-09,2,5,2,5,5,Open,2026-09-27,,,,70500,,
L2749,2026-09-09,2,3,2,3,3,Open,2026-09-18,,,,78200,,
L2750,2026-09-09,4,2,1,7,2,Lost,2026-09-18,,2026-09-18,Not a fit,22800,,
L2751,2026-09-09,1,4,1,4,4,Open,2026-09-25,,,,24700,,
L2752,2026-09-09,2,5,1,4,4,Open,2026-09-23,,,,27700,,
L2753,2026-09-09,6,1,2,4,4,Open,2026-09-24,,,,60000,,
L2754,2026-09-10,6,2,1,5,5,Open,2026-09-25,,,,25900,,
L2755,2026-09-10,2,3,3,7,2,Lost,2026-09-17,,2026-09-17,Not a fit,154300,,
L2756,2026-09-10,3,3,1,7,2,Lost,2026-09-14,,2026-09-14,Budget too low,26900,,
L2757,2026-09-10,3,1,3,4,4,Open,2026-09-21,,,,157400,,
L2758,2026-09-10,1,5,1,7,2,Lost,2026-09-16,,2026-09-16,Budget too low,19000,,
L2759,2026-09-10,3,1,1,7,3,Lost,2026-09-25,,2026-09-25,Budget too low,23900,,
L2760,2026-09-10,6,5,1,7,2,Lost,2026-09-21,,2026-09-21,No response,28900,,
L2761,2026-09-10,3,2,3,4,4,Open,2026-09-25,,,,92400,,
L2762,2026-09-10,3,2,2,7,2,Lost,2026-09-17,,2026-09-17,Budget too low,64300,,
L2763,2026-09-10,6,1,1,7,2,Lost,2026-09-18,,2026-09-18,No response,19700,,
L2764,2026-09-10,7,2,1,7,2,Lost,2026-09-16,,2026-09-16,Budget too low,25400,,
L2765,2026-09-10,6,2,1,7,2,Lost,2026-09-22,,2026-09-22,Not a fit,19900,,
L2766,2026-09-10,1,1,2,3,3,Open,2026-09-19,,,,64700,,
L2767,2026-09-10,3,1,4,7,1,Lost,2026-09-14,,2026-09-14,Budget too low,212300,,
L2768,2026-09-10,6,1,3,7,2,Lost,2026-09-18,,2026-09-18,No response,174300,,
L2769,2026-09-11,5,5,2,4,4,Open,2026-09-23,,,,69700,,
L2770,2026-09-11,2,5,1,7,2,Lost,2026-09-16,,2026-09-16,Not a fit,21200,,
L2771,2026-09-11,4,4,4,7,1,Lost,2026-09-13,,2026-09-13,Budget too low,312900,,
L2772,2026-09-11,2,2,3,7,2,Lost,2026-09-15,,2026-09-15,No response,135500,,
L2773,2026-09-11,3,2,2,4,4,Open,2026-09-24,,,,49300,,
L2774,2026-09-11,4,2,1,7,2,Lost,2026-09-23,,2026-09-23,Budget too low,19500,,
L2775,2026-09-11,2,4,3,7,2,Lost,2026-09-17,,2026-09-17,Not a fit,92200,,
L2776,2026-09-11,1,1,1,4,4,Open,2026-09-21,,,,24500,,
L2777,2026-09-11,1,2,3,7,2,Lost,2026-09-18,,2026-09-18,No response,96900,,
L2778,2026-09-11,1,3,3,4,4,Open,2026-09-26,,,,150100,,
L2779,2026-09-11,3,2,2,7,1,Lost,2026-09-13,,2026-09-13,No response,51500,,
L2780,2026-09-11,5,4,4,4,4,Open,2026-09-25,,,,276900,,
L2781,2026-09-12,3,1,2,7,1,Lost,2026-09-16,,2026-09-16,No response,55100,,
L2782,2026-09-12,1,3,3,5,5,Open,2026-09-22,,,,172400,,
L2783,2026-09-12,7,5,1,7,2,Lost,2026-09-22,,2026-09-22,Not a fit,21300,,
L2784,2026-09-12,1,3,1,7,3,Lost,2026-09-24,,2026-09-24,Not a fit,21100,,
L2785,2026-09-12,6,2,3,7,3,Lost,2026-09-26,,2026-09-26,Budget too low,123900,,
L2786,2026-09-12,2,5,2,7,2,Lost,2026-09-22,,2026-09-22,Not a fit,54200,,
L2787,2026-09-12,5,3,2,7,2,Lost,2026-09-23,,2026-09-23,Not a fit,41100,,
L2788,2026-09-12,1,2,3,7,1,Lost,2026-09-15,,2026-09-15,Not a fit,160400,,
L2789,2026-09-13,1,5,4,1,1,Open,2026-09-13,,,,195700,,
L2790,2026-09-13,3,2,4,4,4,Open,2026-09-22,,,,163200,,
L2791,2026-09-13,4,5,2,3,3,Open,2026-09-22,,,,60700,,
L2792,2026-09-13,2,4,2,7,2,Lost,2026-09-18,,2026-09-18,No response,57400,,
L2793,2026-09-13,1,5,2,3,3,Open,2026-09-19,,,,49700,,
L2794,2026-09-13,2,1,4,7,2,Lost,2026-09-19,,2026-09-19,Budget too low,153000,,
L2795,2026-09-13,3,4,1,5,5,Open,2026-09-23,,,,20000,,
L2796,2026-09-14,1,1,1,7,2,Lost,2026-09-25,,2026-09-25,Not a fit,17900,,
L2797,2026-09-14,6,1,2,4,4,Open,2026-09-21,,,,76600,,
L2798,2026-09-14,5,5,1,3,3,Open,2026-09-24,,,,16400,,
L2799,2026-09-14,2,1,4,7,3,Lost,2026-09-22,,2026-09-22,Budget too low,196400,,
L2800,2026-09-14,4,1,3,4,4,Open,2026-09-27,,,,100200,,
L2801,2026-09-14,5,2,1,7,3,Lost,2026-09-26,,2026-09-26,Not a fit,24000,,
L2802,2026-09-14,3,4,3,3,3,Open,2026-09-24,,,,105600,,
L2803,2026-09-14,2,4,2,7,2,Lost,2026-09-22,,2026-09-22,No response,58900,,
L2804,2026-09-14,4,2,2,4,4,Open,2026-09-27,,,,73400,,
L2805,2026-09-14,7,3,3,4,4,Open,2026-09-27,,,,168500,,
L2806,2026-09-14,1,4,3,3,3,Open,2026-09-20,,,,175400,,
L2807,2026-09-14,1,5,2,4,4,Open,2026-09-27,,,,53600,,
L2808,2026-09-15,4,4,4,3,3,Open,2026-09-23,,,,299000,,
L2809,2026-09-15,5,2,2,3,3,Open,2026-09-24,,,,41000,,
L2810,2026-09-15,5,1,2,3,3,Open,2026-09-25,,,,54200,,
L2811,2026-09-15,1,1,2,7,2,Lost,2026-09-17,,2026-09-17,Not a fit,48300,,
L2812,2026-09-15,3,4,3,7,3,Lost,2026-09-26,,2026-09-26,Not a fit,176300,,
L2813,2026-09-15,2,2,2,7,2,Lost,2026-09-21,,2026-09-21,Budget too low,51900,,
L2814,2026-09-15,1,3,1,7,2,Lost,2026-09-23,,2026-09-23,Budget too low,21100,,
L2815,2026-09-15,4,3,1,3,3,Open,2026-09-26,,,,20900,,
L2816,2026-09-15,4,5,2,3,3,Open,2026-09-26,,,,64800,,
L2817,2026-09-15,1,4,1,7,2,Lost,2026-09-18,,2026-09-18,Not a fit,20200,,
L2818,2026-09-15,5,1,3,7,1,Lost,2026-09-18,,2026-09-18,No response,97300,,
L2819,2026-09-16,3,4,3,3,3,Open,2026-09-25,,,,149100,,
L2820,2026-09-16,1,1,4,3,3,Open,2026-09-23,,,,323000,,
L2821,2026-09-16,3,5,2,3,3,Open,2026-09-20,,,,43300,,
L2822,2026-09-16,6,1,2,4,4,Open,2026-09-24,,,,61800,,
L2823,2026-09-16,2,3,3,7,2,Lost,2026-09-22,,2026-09-22,Budget too low,179700,,
L2824,2026-09-16,1,5,1,7,2,Lost,2026-09-23,,2026-09-23,Not a fit,28800,,
L2825,2026-09-16,1,2,3,7,1,Lost,2026-09-17,,2026-09-17,Not a fit,98800,,
L2826,2026-09-16,6,1,1,7,2,Lost,2026-09-24,,2026-09-24,Not a fit,29000,,
L2827,2026-09-16,6,3,1,3,3,Open,2026-09-21,,,,28600,,
L2828,2026-09-16,2,4,1,7,2,Lost,2026-09-20,,2026-09-20,No response,16100,,
L2829,2026-09-16,4,4,1,7,2,Lost,2026-09-21,,2026-09-21,No response,23700,,
L2830,2026-09-17,2,3,1,2,2,Open,2026-09-23,,,,24000,,
L2831,2026-09-17,2,3,1,3,3,Open,2026-09-24,,,,30000,,
L2832,2026-09-17,3,1,4,3,3,Open,2026-09-26,,,,243300,,
L2833,2026-09-17,3,5,1,7,1,Lost,2026-09-22,,2026-09-22,Budget too low,15900,,
L2834,2026-09-17,5,4,2,7,2,Lost,2026-09-22,,2026-09-22,No response,77600,,
L2835,2026-09-17,3,1,2,3,3,Open,2026-09-26,,,,55600,,
L2836,2026-09-17,1,1,1,3,3,Open,2026-09-24,,,,27900,,
L2837,2026-09-17,6,3,1,2,2,Open,2026-09-18,,,,25500,,
L2838,2026-09-17,4,4,2,7,2,Lost,2026-09-19,,2026-09-19,No response,64000,,
L2839,2026-09-17,1,1,1,5,5,Open,2026-09-27,,,,28100,,
L2840,2026-09-17,1,3,1,7,2,Lost,2026-09-24,,2026-09-24,No response,25900,,
L2841,2026-09-17,4,2,1,7,2,Lost,2026-09-24,,2026-09-24,No response,15400,,
L2842,2026-09-17,5,5,2,1,1,Open,2026-09-17,,,,76900,,
L2843,2026-09-18,6,3,1,3,3,Open,2026-09-26,,,,25500,,
L2844,2026-09-18,1,1,1,7,1,Lost,2026-09-24,,2026-09-24,No response,19500,,
L2845,2026-09-18,2,5,1,2,2,Open,2026-09-23,,,,26400,,
L2846,2026-09-18,2,4,2,7,2,Lost,2026-09-25,,2026-09-25,Budget too low,72000,,
L2847,2026-09-18,3,5,1,7,1,Lost,2026-09-22,,2026-09-22,Budget too low,20800,,
L2848,2026-09-18,4,1,2,7,2,Lost,2026-09-25,,2026-09-25,Budget too low,49100,,
L2849,2026-09-18,3,2,3,7,2,Lost,2026-09-24,,2026-09-24,Not a fit,126200,,
L2850,2026-09-18,3,3,2,7,3,Lost,2026-09-26,,2026-09-26,Not a fit,40800,,
L2851,2026-09-18,6,5,2,3,3,Open,2026-09-23,,,,61700,,
L2852,2026-09-18,2,1,1,7,1,Lost,2026-09-19,,2026-09-19,Not a fit,19800,,
L2853,2026-09-18,4,1,1,3,3,Open,2026-09-24,,,,28500,,
L2854,2026-09-18,4,4,1,7,2,Lost,2026-09-23,,2026-09-23,Budget too low,19500,,
L2855,2026-09-19,6,2,1,3,3,Open,2026-09-25,,,,22700,,
L2856,2026-09-19,7,4,2,3,3,Open,2026-09-24,,,,53100,,
L2857,2026-09-19,1,3,1,7,2,Lost,2026-09-24,,2026-09-24,Not a fit,21800,,
L2858,2026-09-19,2,2,3,3,3,Open,2026-09-24,,,,119000,,
L2859,2026-09-19,2,5,2,7,1,Lost,2026-09-22,,2026-09-22,Budget too low,57700,,
L2860,2026-09-19,1,2,1,7,2,Lost,2026-09-23,,2026-09-23,Not a fit,16300,,
L2861,2026-09-19,2,2,2,1,1,Open,2026-09-19,,,,79600,,
L2862,2026-09-20,1,2,3,3,3,Open,2026-09-26,,,,157600,,
L2863,2026-09-20,1,2,1,3,3,Open,2026-09-23,,,,16400,,
L2864,2026-09-20,1,1,1,2,2,Open,2026-09-25,,,,24700,,
L2865,2026-09-20,1,3,2,7,2,Lost,2026-09-27,,2026-09-27,Not a fit,68700,,
L2866,2026-09-20,1,4,2,7,2,Lost,2026-09-25,,2026-09-25,No response,64900,,
L2867,2026-09-20,1,2,1,3,3,Open,2026-09-25,,,,20800,,
L2868,2026-09-20,5,2,2,7,1,Lost,2026-09-23,,2026-09-23,Not a fit,71300,,
L2869,2026-09-20,1,5,2,7,1,Lost,2026-09-24,,2026-09-24,Not a fit,44200,,
L2870,2026-09-21,2,3,1,2,2,Open,2026-09-25,,,,22100,,
L2871,2026-09-21,1,1,3,2,2,Open,2026-09-22,,,,148300,,
L2872,2026-09-21,4,2,1,2,2,Open,2026-09-25,,,,16000,,
L2873,2026-09-21,1,4,2,2,2,Open,2026-09-23,,,,48200,,
L2874,2026-09-21,2,2,1,2,2,Open,2026-09-26,,,,17100,,
L2875,2026-09-21,2,4,1,2,2,Open,2026-09-24,,,,19300,,
L2876,2026-09-21,2,3,3,2,2,Open,2026-09-26,,,,112100,,
L2877,2026-09-21,4,1,1,2,2,Open,2026-09-27,,,,18900,,
L2878,2026-09-21,4,2,4,7,2,Lost,2026-09-26,,2026-09-26,Not a fit,301000,,
L2879,2026-09-21,2,5,1,2,2,Open,2026-09-26,,,,29800,,
L2880,2026-09-21,4,1,3,2,2,Open,2026-09-25,,,,162300,,
L2881,2026-09-21,6,2,3,2,2,Open,2026-09-25,,,,123200,,
L2882,2026-09-21,1,2,2,7,1,Lost,2026-09-24,,2026-09-24,Not a fit,73400,,
L2883,2026-09-21,4,4,1,2,2,Open,2026-09-25,,,,21600,,
L2884,2026-09-21,2,3,3,2,2,Open,2026-09-23,,,,92000,,
L2885,2026-09-22,1,5,2,7,2,Lost,2026-09-27,,2026-09-27,Not a fit,55300,,
L2886,2026-09-22,6,4,1,1,1,Open,2026-09-22,,,,29200,,
L2887,2026-09-22,1,4,2,2,2,Open,2026-09-25,,,,48600,,
L2888,2026-09-22,1,4,3,2,2,Open,2026-09-24,,,,149100,,
L2889,2026-09-22,3,1,1,2,2,Open,2026-09-27,,,,20200,,
L2890,2026-09-22,1,5,1,3,3,Open,2026-09-26,,,,24800,,
L2891,2026-09-22,5,2,2,7,1,Lost,2026-09-23,,2026-09-23,Budget too low,69200,,
L2892,2026-09-22,4,3,1,1,1,Open,2026-09-22,,,,28800,,
L2893,2026-09-22,3,4,1,2,2,Open,2026-09-27,,,,24500,,
L2894,2026-09-22,1,2,3,2,2,Open,2026-09-23,,,,164300,,
L2895,2026-09-22,2,3,1,2,2,Open,2026-09-27,,,,27300,,
L2896,2026-09-22,2,4,2,2,2,Open,2026-09-27,,,,55200,,
L2897,2026-09-23,5,1,2,1,1,Open,2026-09-23,,,,55200,,
L2898,2026-09-23,4,5,4,1,1,Open,2026-09-23,,,,328100,,
L2899,2026-09-23,1,5,4,1,1,Open,2026-09-23,,,,333400,,
L2900,2026-09-23,6,1,3,3,3,Open,2026-09-27,,,,103100,,
L2901,2026-09-23,1,3,1,1,1,Open,2026-09-23,,,,16600,,
L2902,2026-09-23,4,1,2,1,1,Open,2026-09-23,,,,42000,,
L2903,2026-09-23,3,1,1,2,2,Open,2026-09-24,,,,24600,,
L2904,2026-09-23,2,5,1,2,2,Open,2026-09-25,,,,25300,,
L2905,2026-09-23,3,2,2,3,3,Open,2026-09-25,,,,58300,,
L2906,2026-09-23,2,4,1,2,2,Open,2026-09-26,,,,27600,,
L2907,2026-09-23,1,4,3,1,1,Open,2026-09-23,,,,149100,,
L2908,2026-09-24,3,5,2,1,1,Open,2026-09-24,,,,48200,,
L2909,2026-09-24,1,3,2,1,1,Open,2026-09-24,,,,55600,,
L2910,2026-09-24,7,1,1,1,1,Open,2026-09-24,,,,23600,,
L2911,2026-09-24,2,5,3,7,2,Lost,2026-09-27,,2026-09-27,No response,136900,,
L2912,2026-09-24,2,5,1,1,1,Open,2026-09-24,,,,17800,,
L2913,2026-09-24,1,3,2,2,2,Open,2026-09-27,,,,57600,,
L2914,2026-09-24,3,5,3,1,1,Open,2026-09-24,,,,135800,,
L2915,2026-09-24,2,2,1,2,2,Open,2026-09-27,,,,28600,,
L2916,2026-09-24,3,3,4,2,2,Open,2026-09-26,,,,235600,,
L2917,2026-09-24,1,5,1,2,2,Open,2026-09-26,,,,17400,,
L2918,2026-09-24,3,2,1,1,1,Open,2026-09-24,,,,16000,,
L2919,2026-09-24,4,2,1,2,2,Open,2026-09-27,,,,28100,,
L2920,2026-09-25,1,1,2,1,1,Open,2026-09-25,,,,62600,,
L2921,2026-09-25,6,4,3,7,1,Lost,2026-09-27,,2026-09-27,Not a fit,110100,,
L2922,2026-09-25,3,1,1,1,1,Open,2026-09-25,,,,26400,,
L2923,2026-09-25,1,4,2,1,1,Open,2026-09-25,,,,76900,,
L2924,2026-09-25,1,4,4,2,2,Open,2026-09-27,,,,179300,,
L2925,2026-09-25,2,3,2,1,1,Open,2026-09-25,,,,75500,,
L2926,2026-09-25,5,4,3,1,1,Open,2026-09-25,,,,152300,,
L2927,2026-09-25,1,5,3,2,2,Open,2026-09-26,,,,160500,,
L2928,2026-09-25,1,3,3,1,1,Open,2026-09-25,,,,129100,,
L2929,2026-09-25,5,4,1,1,1,Open,2026-09-25,,,,24100,,
L2930,2026-09-25,3,2,1,1,1,Open,2026-09-25,,,,26700,,
L2931,2026-09-25,4,2,1,7,1,Lost,2026-09-27,,2026-09-27,Not a fit,27400,,
L2932,2026-09-25,4,3,1,1,1,Open,2026-09-25,,,,21900,,
L2933,2026-09-26,1,1,2,1,1,Open,2026-09-26,,,,70400,,
L2934,2026-09-26,4,4,1,1,1,Open,2026-09-26,,,,25400,,
L2935,2026-09-26,2,1,1,2,2,Open,2026-09-27,,,,26800,,
L2936,2026-09-26,4,1,1,1,1,Open,2026-09-26,,,,25600,,
L2937,2026-09-27,1,3,2,1,1,Open,2026-09-27,,,,68700,,
L2938,2026-09-27,6,5,2,1,1,Open,2026-09-27,,,,62300,,
L2939,2026-09-27,2,5,2,1,1,Open,2026-09-27,,,,48300,,
L2940,2026-09-27,3,1,1,1,1,Open,2026-09-27,,,,21000,,
L2941,2026-09-27,2,5,4,1,1,Open,2026-09-27,,,,347000,,
L2942,2026-09-27,4,2,3,1,1,Open,2026-09-27,,,,92100,,
L2943,2026-09-27,4,4,2,1,1,Open,2026-09-27,,,,45900,,
